id,url
nhanes-demographics-demo_d-2005,https://wwwn.cdc.gov/Nchs/Data/Nhanes/Public/2005/DataFiles/DEMO_D.htm
nhanes-demographics-demo_e-2007,https://wwwn.cdc.gov/Nchs/Data/Nhanes/Public/2007/DataFiles/DEMO_E.htm
nhanes-demographics-demo_c-2003,https://wwwn.cdc.gov/Nchs/Data/Nhanes/Public/2003/DataFiles/DEMO_C.htm
nhanes-demographics-demo_b-2001,https://wwwn.cdc.gov/Nchs/Data/Nhanes/Public/2001/DataFiles/DEMO_B.htm
nhanes-demographics-demo-1999,https://wwwn.cdc.gov/Nchs/Data/Nhanes/Public/1999/DataFiles/DEMO.htm
nhanes-demographics-demo_f-2009,https://wwwn.cdc.gov/Nchs/Data/Nhanes/Public/2009/DataFiles/DEMO_F.htm
nhanes-demographics-demo_g-2011,https://wwwn.cdc.gov/Nchs/Data/Nhanes/Public/2011/DataFiles/DEMO_G.htm
nhanes-demographics-demo_h-2013,https://wwwn.cdc.gov/Nchs/Data/Nhanes/Public/2013/DataFiles/DEMO_H.htm
nhanes-demographics-demo_i-2015,https://wwwn.cdc.gov/Nchs/Data/Nhanes/Public/2015/DataFiles/DEMO_I.htm
nhanes-demographics-demo_j-2017,https://wwwn.cdc.gov/Nchs/Data/Nhanes/Public/2017/DataFiles/DEMO_J.htm
nhanes-demographics-p_demo-2017,https://wwwn.cdc.gov/Nchs/Data/Nhanes/Public/2017/DataFiles/P_DEMO.htm
nhanes-demographics-demo_l-2021,https://wwwn.cdc.gov/Nchs/Data/Nhanes/Public/2021/DataFiles/DEMO_L.htm
nhanes-dietary-drxiff-1999,https://wwwn.cdc.gov/Nchs/Data/Nhanes/Public/1999/DataFiles/DRXIFF.htm
nhanes-dietary-drxiff_b-2001,https://wwwn.cdc.gov/Nchs/Data/Nhanes/Public/2001/DataFiles/DRXIFF_B.htm
nhanes-dietary-dr1iff_c-2003,https://wwwn.cdc.gov/Nchs/Data/Nhanes/Public/2003/DataFiles/DR1IFF_C.htm
nhanes-dietary-dr1iff_f-2009,https://wwwn.cdc.gov/Nchs/Data/Nhanes/Public/2009/DataFiles/DR1IFF_F.htm
nhanes-dietary-dr1iff_e-2007,https://wwwn.cdc.gov/Nchs/Data/Nhanes/Public/2007/DataFiles/DR1IFF_E.htm
nhanes-dietary-dr1iff_g-2011,https://wwwn.cdc.gov/Nchs/Data/Nhanes/Public/2011/DataFiles/DR1IFF_G.htm
nhanes-dietary-dr1iff_d-2005,https://wwwn.cdc.gov/Nchs/Data/Nhanes/Public/2005/DataFiles/DR1IFF_D.htm
nhanes-dietary-dr1iff_h-2013,https://wwwn.cdc.gov/Nchs/Data/Nhanes/Public/2013/DataFiles/DR1IFF_H.htm
nhanes-dietary-dr1iff_i-2015,https://wwwn.cdc.gov/Nchs/Data/Nhanes/Public/2015/DataFiles/DR1IFF_I.htm
nhanes-dietary-dr1iff_j-2017,https://wwwn.cdc.gov/Nchs/Data/Nhanes/Public/2017/DataFiles/DR1IFF_J.htm
nhanes-dietary-p_dr1iff-2017,https://wwwn.cdc.gov/Nchs/Data/Nhanes/Public/2017/DataFiles/P_DR1IFF.htm
nhanes-dietary-dr1iff_l-2021,https://wwwn.cdc.gov/Nchs/Data/Nhanes/Public/2021/DataFiles/DR1IFF_L.htm
nhanes-dietary-dr2iff_c-2003,https://wwwn.cdc.gov/Nchs/Data/Nhanes/Public/2003/DataFiles/DR2IFF_C.htm
nhanes-dietary-dr2iff_f-2009,https://wwwn.cdc.gov/Nchs/Data/Nhanes/Public/2009/DataFiles/DR2IFF_F.htm
nhanes-dietary-dr2iff_e-2007,https://wwwn.cdc.gov/Nchs/Data/Nhanes/Public/2007/DataFiles/DR2IFF_E.htm
nhanes-dietary-dr2iff_g-2011,https://wwwn.cdc.gov/Nchs/Data/Nhanes/Public/2011/DataFiles/DR2IFF_G.htm
nhanes-dietary-dr2iff_d-2005,https://wwwn.cdc.gov/Nchs/Data/Nhanes/Public/2005/DataFiles/DR2IFF_D.htm
nhanes-dietary-dr2iff_h-2013,https://wwwn.cdc.gov/Nchs/Data/Nhanes/Public/2013/DataFiles/DR2IFF_H.htm
nhanes-dietary-dr2iff_i-2015,https://wwwn.cdc.gov/Nchs/Data/Nhanes/Public/2015/DataFiles/DR2IFF_I.htm
nhanes-dietary-dr2iff_j-2017,https://wwwn.cdc.gov/Nchs/Data/Nhanes/Public/2017/DataFiles/DR2IFF_J.htm
nhanes-dietary-p_dr2iff-2017,https://wwwn.cdc.gov/Nchs/Data/Nhanes/Public/2017/DataFiles/P_DR2IFF.htm
nhanes-dietary-dr2iff_l-2021,https://wwwn.cdc.gov/Nchs/Data/Nhanes/Public/2021/DataFiles/DR2IFF_L.htm
nhanes-dietary-drxtot-1999,https://wwwn.cdc.gov/Nchs/Data/Nhanes/Public/1999/DataFiles/DRXTOT.htm
nhanes-dietary-drxtot_b-2001,https://wwwn.cdc.gov/Nchs/Data/Nhanes/Public/2001/DataFiles/DRXTOT_B.htm
nhanes-dietary-dr1tot_c-2003,https://wwwn.cdc.gov/Nchs/Data/Nhanes/Public/2003/DataFiles/DR1TOT_C.htm
nhanes-dietary-dr1tot_f-2009,https://wwwn.cdc.gov/Nchs/Data/Nhanes/Public/2009/DataFiles/DR1TOT_F.htm
nhanes-dietary-dr1tot_e-2007,https://wwwn.cdc.gov/Nchs/Data/Nhanes/Public/2007/DataFiles/DR1TOT_E.htm
nhanes-dietary-dr1tot_g-2011,https://wwwn.cdc.gov/Nchs/Data/Nhanes/Public/2011/DataFiles/DR1TOT_G.htm
nhanes-dietary-dr1tot_d-2005,https://wwwn.cdc.gov/Nchs/Data/Nhanes/Public/2005/DataFiles/DR1TOT_D.htm
nhanes-dietary-dr1tot_h-2013,https://wwwn.cdc.gov/Nchs/Data/Nhanes/Public/2013/DataFiles/DR1TOT_H.htm
nhanes-dietary-dr1tot_i-2015,https://wwwn.cdc.gov/Nchs/Data/Nhanes/Public/2015/DataFiles/DR1TOT_I.htm
nhanes-dietary-dr1tot_j-2017,https://wwwn.cdc.gov/Nchs/Data/Nhanes/Public/2017/DataFiles/DR1TOT_J.htm
nhanes-dietary-p_dr1tot-2017,https://wwwn.cdc.gov/Nchs/Data/Nhanes/Public/2017/DataFiles/P_DR1TOT.htm
nhanes-dietary-dr1tot_l-2021,https://wwwn.cdc.gov/Nchs/Data/Nhanes/Public/2021/DataFiles/DR1TOT_L.htm
nhanes-dietary-dr2tot_c-2003,https://wwwn.cdc.gov/Nchs/Data/Nhanes/Public/2003/DataFiles/DR2TOT_C.htm
nhanes-dietary-dr2tot_f-2009,https://wwwn.cdc.gov/Nchs/Data/Nhanes/Public/2009/DataFiles/DR2TOT_F.htm
nhanes-dietary-dr2tot_e-2007,https://wwwn.cdc.gov/Nchs/Data/Nhanes/Public/2007/DataFiles/DR2TOT_E.htm
nhanes-dietary-dr2tot_g-2011,https://wwwn.cdc.gov/Nchs/Data/Nhanes/Public/2011/DataFiles/DR2TOT_G.htm
nhanes-dietary-dr2tot_d-2005,https://wwwn.cdc.gov/Nchs/Data/Nhanes/Public/2005/DataFiles/DR2TOT_D.htm
nhanes-dietary-dr2tot_h-2013,https://wwwn.cdc.gov/Nchs/Data/Nhanes/Public/2013/DataFiles/DR2TOT_H.htm
nhanes-dietary-dr2tot_i-2015,https://wwwn.cdc.gov/Nchs/Data/Nhanes/Public/2015/DataFiles/DR2TOT_I.htm
nhanes-dietary-dr2tot_j-2017,https://wwwn.cdc.gov/Nchs/Data/Nhanes/Public/2017/DataFiles/DR2TOT_J.htm
nhanes-dietary-p_dr2tot-2017,https://wwwn.cdc.gov/Nchs/Data/Nhanes/Public/2017/DataFiles/P_DR2TOT.htm
nhanes-dietary-dr2tot_l-2021,https://wwwn.cdc.gov/Nchs/Data/Nhanes/Public/2021/DataFiles/DR2TOT_L.htm
nhanes-dietary-drxfmt-1999,https://wwwn.cdc.gov/Nchs/Data/Nhanes/Public/1999/DataFiles/DRXFMT.htm
nhanes-dietary-drxfmt_b-2001,https://wwwn.cdc.gov/Nchs/Data/Nhanes/Public/2001/DataFiles/DRXFMT_B.htm
nhanes-dietary-drxfcd_c-2003,https://wwwn.cdc.gov/Nchs/Data/Nhanes/Public/2003/DataFiles/DRXFCD_C.htm
nhanes-dietary-drxfcd_f-2009,https://wwwn.cdc.gov/Nchs/Data/Nhanes/Public/2009/DataFiles/DRXFCD_F.htm
nhanes-dietary-drxfcd_e-2007,https://wwwn.cdc.gov/Nchs/Data/Nhanes/Public/2007/DataFiles/DRXFCD_E.htm
nhanes-dietary-drxfcd_g-2011,https://wwwn.cdc.gov/Nchs/Data/Nhanes/Public/2011/DataFiles/DRXFCD_G.htm
nhanes-dietary-drxfcd_d-2005,https://wwwn.cdc.gov/Nchs/Data/Nhanes/Public/2005/DataFiles/DRXFCD_D.htm
nhanes-dietary-drxfcd_h-2013,https://wwwn.cdc.gov/Nchs/Data/Nhanes/Public/2013/DataFiles/DRXFCD_H.htm
nhanes-dietary-drxfcd_i-2015,https://wwwn.cdc.gov/Nchs/Data/Nhanes/Public/2015/DataFiles/DRXFCD_I.htm
nhanes-dietary-drxfcd_j-2017,https://wwwn.cdc.gov/Nchs/Data/Nhanes/Public/2017/DataFiles/DRXFCD_J.htm
nhanes-dietary-p_drxfcd-2017,https://wwwn.cdc.gov/Nchs/Data/Nhanes/Public/2017/DataFiles/P_DRXFCD.htm
nhanes-dietary-drxfcd_l-2021,https://wwwn.cdc.gov/Nchs/Data/Nhanes/Public/2021/DataFiles/DRXFCD_L.htm
nhanes-dietary-drxmcd_f-2009,https://wwwn.cdc.gov/Nchs/Data/Nhanes/Public/2009/DataFiles/DRXMCD_F.htm
nhanes-dietary-drxmcd_e-2007,https://wwwn.cdc.gov/Nchs/Data/Nhanes/Public/2007/DataFiles/DRXMCD_E.htm
nhanes-dietary-drxmcd_g-2011,https://wwwn.cdc.gov/Nchs/Data/Nhanes/Public/2011/DataFiles/DRXMCD_G.htm
nhanes-dietary-drxmcd_d-2005,https://wwwn.cdc.gov/Nchs/Data/Nhanes/Public/2005/DataFiles/DRXMCD_D.htm
nhanes-dietary-drxmcd_c-2003,https://wwwn.cdc.gov/Nchs/Data/Nhanes/Public/2003/DataFiles/DRXMCD_C.htm
nhanes-dietary-dtq_f-2009,https://wwwn.cdc.gov/Nchs/Data/Nhanes/Public/2009/DataFiles/DTQ_F.htm
nhanes-dietary-dsbi-1999,https://wwwn.cdc.gov/Nchs/Data/Nhanes/Public/1999/DataFiles/DSBI.htm
nhanes-dietary-dsii-1999,https://wwwn.cdc.gov/Nchs/Data/Nhanes/Public/1999/DataFiles/DSII.htm
nhanes-dietary-dspi-1999,https://wwwn.cdc.gov/Nchs/Data/Nhanes/Public/1999/DataFiles/DSPI.htm
nhanes-dietary-ds1ids_f-2009,https://wwwn.cdc.gov/Nchs/Data/Nhanes/Public/2009/DataFiles/DS1IDS_F.htm
nhanes-dietary-ds1ids_e-2007,https://wwwn.cdc.gov/Nchs/Data/Nhanes/Public/2007/DataFiles/DS1IDS_E.htm
nhanes-dietary-ds1ids_g-2011,https://wwwn.cdc.gov/Nchs/Data/Nhanes/Public/2011/DataFiles/DS1IDS_G.htm
nhanes-dietary-ds1ids_h-2013,https://wwwn.cdc.gov/Nchs/Data/Nhanes/Public/2013/DataFiles/DS1IDS_H.htm
nhanes-dietary-ds1ids_i-2015,https://wwwn.cdc.gov/Nchs/Data/Nhanes/Public/2015/DataFiles/DS1IDS_I.htm
nhanes-dietary-ds1ids_j-2017,https://wwwn.cdc.gov/Nchs/Data/Nhanes/Public/2017/DataFiles/DS1IDS_J.htm
nhanes-dietary-p_ds1ids-2017,https://wwwn.cdc.gov/Nchs/Data/Nhanes/Public/2017/DataFiles/P_DS1IDS.htm
nhanes-dietary-ds2ids_f-2009,https://wwwn.cdc.gov/Nchs/Data/Nhanes/Public/2009/DataFiles/DS2IDS_F.htm
nhanes-dietary-ds2ids_e-2007,https://wwwn.cdc.gov/Nchs/Data/Nhanes/Public/2007/DataFiles/DS2IDS_E.htm
nhanes-dietary-ds2ids_g-2011,https://wwwn.cdc.gov/Nchs/Data/Nhanes/Public/2011/DataFiles/DS2IDS_G.htm
nhanes-dietary-ds2ids_h-2013,https://wwwn.cdc.gov/Nchs/Data/Nhanes/Public/2013/DataFiles/DS2IDS_H.htm
nhanes-dietary-ds2ids_i-2015,https://wwwn.cdc.gov/Nchs/Data/Nhanes/Public/2015/DataFiles/DS2IDS_I.htm
nhanes-dietary-ds2ids_j-2017,https://wwwn.cdc.gov/Nchs/Data/Nhanes/Public/2017/DataFiles/DS2IDS_J.htm
nhanes-dietary-p_ds2ids-2017,https://wwwn.cdc.gov/Nchs/Data/Nhanes/Public/2017/DataFiles/P_DS2IDS.htm
nhanes-dietary-ds1tot_f-2009,https://wwwn.cdc.gov/Nchs/Data/Nhanes/Public/2009/DataFiles/DS1TOT_F.htm
nhanes-dietary-ds1tot_e-2007,https://wwwn.cdc.gov/Nchs/Data/Nhanes/Public/2007/DataFiles/DS1TOT_E.htm
nhanes-dietary-ds1tot_g-2011,https://wwwn.cdc.gov/Nchs/Data/Nhanes/Public/2011/DataFiles/DS1TOT_G.htm
nhanes-dietary-ds1tot_h-2013,https://wwwn.cdc.gov/Nchs/Data/Nhanes/Public/2013/DataFiles/DS1TOT_H.htm
nhanes-dietary-ds1tot_i-2015,https://wwwn.cdc.gov/Nchs/Data/Nhanes/Public/2015/DataFiles/DS1TOT_I.htm
nhanes-dietary-ds1tot_j-2017,https://wwwn.cdc.gov/Nchs/Data/Nhanes/Public/2017/DataFiles/DS1TOT_J.htm
nhanes-dietary-p_ds1tot-2017,https://wwwn.cdc.gov/Nchs/Data/Nhanes/Public/2017/DataFiles/P_DS1TOT.htm
nhanes-dietary-ds2tot_f-2009,https://wwwn.cdc.gov/Nchs/Data/Nhanes/Public/2009/DataFiles/DS2TOT_F.htm
nhanes-dietary-ds2tot_e-2007,https://wwwn.cdc.gov/Nchs/Data/Nhanes/Public/2007/DataFiles/DS2TOT_E.htm
nhanes-dietary-ds2tot_g-2011,https://wwwn.cdc.gov/Nchs/Data/Nhanes/Public/2011/DataFiles/DS2TOT_G.htm
nhanes-dietary-ds2tot_h-2013,https://wwwn.cdc.gov/Nchs/Data/Nhanes/Public/2013/DataFiles/DS2TOT_H.htm
nhanes-dietary-ds2tot_i-2015,https://wwwn.cdc.gov/Nchs/Data/Nhanes/Public/2015/DataFiles/DS2TOT_I.htm
nhanes-dietary-ds2tot_j-2017,https://wwwn.cdc.gov/Nchs/Data/Nhanes/Public/2017/DataFiles/DS2TOT_J.htm
nhanes-dietary-p_ds2tot-2017,https://wwwn.cdc.gov/Nchs/Data/Nhanes/Public/2017/DataFiles/P_DS2TOT.htm
nhanes-dietary-dsqids_f-2009,https://wwwn.cdc.gov/Nchs/Data/Nhanes/Public/2009/DataFiles/DSQIDS_F.htm
nhanes-dietary-dsqids_e-2007,https://wwwn.cdc.gov/Nchs/Data/Nhanes/Public/2007/DataFiles/DSQIDS_E.htm
nhanes-dietary-dsqids_g-2011,https://wwwn.cdc.gov/Nchs/Data/Nhanes/Public/2011/DataFiles/DSQIDS_G.htm
nhanes-dietary-dsqfile1-1999,https://wwwn.cdc.gov/Nchs/Data/Nhanes/Public/1999/DataFiles/DSQFILE1.htm
nhanes-dietary-dsq1_b-2001,https://wwwn.cdc.gov/Nchs/Data/Nhanes/Public/2001/DataFiles/DSQ1_B.htm
nhanes-dietary-dsq1_c-2003,https://wwwn.cdc.gov/Nchs/Data/Nhanes/Public/2003/DataFiles/DSQ1_C.htm
nhanes-dietary-dsq1_d-2005,https://wwwn.cdc.gov/Nchs/Data/Nhanes/Public/2005/DataFiles/DSQ1_D.htm
nhanes-dietary-dsqfile2-1999,https://wwwn.cdc.gov/Nchs/Data/Nhanes/Public/1999/DataFiles/DSQFILE2.htm
nhanes-dietary-dsq2_b-2001,https://wwwn.cdc.gov/Nchs/Data/Nhanes/Public/2001/DataFiles/DSQ2_B.htm
nhanes-dietary-dsq2_c-2003,https://wwwn.cdc.gov/Nchs/Data/Nhanes/Public/2003/DataFiles/DSQ2_C.htm
nhanes-dietary-dsq2_d-2005,https://wwwn.cdc.gov/Nchs/Data/Nhanes/Public/2005/DataFiles/DSQ2_D.htm
nhanes-dietary-dsqids_h-2013,https://wwwn.cdc.gov/Nchs/Data/Nhanes/Public/2013/DataFiles/DSQIDS_H.htm
nhanes-dietary-dsqids_i-2015,https://wwwn.cdc.gov/Nchs/Data/Nhanes/Public/2015/DataFiles/DSQIDS_I.htm
nhanes-dietary-dsqids_j-2017,https://wwwn.cdc.gov/Nchs/Data/Nhanes/Public/2017/DataFiles/DSQIDS_J.htm
nhanes-dietary-p_dsqids-2017,https://wwwn.cdc.gov/Nchs/Data/Nhanes/Public/2017/DataFiles/P_DSQIDS.htm
nhanes-dietary-dsqids_l-2021,https://wwwn.cdc.gov/Nchs/Data/Nhanes/Public/2021/DataFiles/DSQIDS_L.htm
nhanes-dietary-dsqtot_f-2009,https://wwwn.cdc.gov/Nchs/Data/Nhanes/Public/2009/DataFiles/DSQTOT_F.htm
nhanes-dietary-dsqtot_e-2007,https://wwwn.cdc.gov/Nchs/Data/Nhanes/Public/2007/DataFiles/DSQTOT_E.htm
nhanes-dietary-dsqtot_g-2011,https://wwwn.cdc.gov/Nchs/Data/Nhanes/Public/2011/DataFiles/DSQTOT_G.htm
nhanes-dietary-dsqtot_h-2013,https://wwwn.cdc.gov/Nchs/Data/Nhanes/Public/2013/DataFiles/DSQTOT_H.htm
nhanes-dietary-dsqtot_i-2015,https://wwwn.cdc.gov/Nchs/Data/Nhanes/Public/2015/DataFiles/DSQTOT_I.htm
nhanes-dietary-dsqtot_j-2017,https://wwwn.cdc.gov/Nchs/Data/Nhanes/Public/2017/DataFiles/DSQTOT_J.htm
nhanes-dietary-p_dsqtot-2017,https://wwwn.cdc.gov/Nchs/Data/Nhanes/Public/2017/DataFiles/P_DSQTOT.htm
nhanes-dietary-dsqtot_l-2021,https://wwwn.cdc.gov/Nchs/Data/Nhanes/Public/2021/DataFiles/DSQTOT_L.htm
nhanes-dietary-foodlk_c-2003,https://wwwn.cdc.gov/Nchs/Data/Nhanes/Public/2003/DataFiles/FOODLK_C.htm
nhanes-dietary-foodlk_d-2005,https://wwwn.cdc.gov/Nchs/Data/Nhanes/Public/2005/DataFiles/FOODLK_D.htm
nhanes-dietary-varlk_c-2003,https://wwwn.cdc.gov/Nchs/Data/Nhanes/Public/2003/DataFiles/VARLK_C.htm
nhanes-dietary-varlk_d-2005,https://wwwn.cdc.gov/Nchs/Data/Nhanes/Public/2005/DataFiles/VARLK_D.htm
nhanes-dietary-ffqdc_d-2005,https://wwwn.cdc.gov/Nchs/Data/Nhanes/Public/2005/DataFiles/FFQDC_D.htm
nhanes-dietary-ffqdc_c-2003,https://wwwn.cdc.gov/Nchs/Data/Nhanes/Public/2003/DataFiles/FFQDC_C.htm
nhanes-dietary-ffqraw_d-2005,https://wwwn.cdc.gov/Nchs/Data/Nhanes/Public/2005/DataFiles/FFQRAW_D.htm
nhanes-dietary-ffqraw_c-2003,https://wwwn.cdc.gov/Nchs/Data/Nhanes/Public/2003/DataFiles/FFQRAW_C.htm
nhanes-examination-arx_f-2009,https://wwwn.cdc.gov/Nchs/Data/Nhanes/Public/2009/DataFiles/ARX_F.htm
nhanes-examination-aux1-1999,https://wwwn.cdc.gov/Nchs/Data/Nhanes/Public/1999/DataFiles/AUX1.htm
nhanes-examination-aux_e-2007,https://wwwn.cdc.gov/Nchs/Data/Nhanes/Public/2007/DataFiles/AUX_E.htm
nhanes-examination-aux_d-2005,https://wwwn.cdc.gov/Nchs/Data/Nhanes/Public/2005/DataFiles/AUX_D.htm
nhanes-examination-aux_c-2003,https://wwwn.cdc.gov/Nchs/Data/Nhanes/Public/2003/DataFiles/AUX_C.htm
nhanes-examination-aux_b-2001,https://wwwn.cdc.gov/Nchs/Data/Nhanes/Public/2001/DataFiles/AUX_B.htm
nhanes-examination-aux_f-2009,https://wwwn.cdc.gov/Nchs/Data/Nhanes/Public/2009/DataFiles/AUX_F.htm
nhanes-examination-aux_g-2011,https://wwwn.cdc.gov/Nchs/Data/Nhanes/Public/2011/DataFiles/AUX_G.htm
nhanes-examination-aux_i-2015,https://wwwn.cdc.gov/Nchs/Data/Nhanes/Public/2015/DataFiles/AUX_I.htm
nhanes-examination-aux_j-2017,https://wwwn.cdc.gov/Nchs/Data/Nhanes/Public/2017/DataFiles/AUX_J.htm
nhanes-examination-p_aux-2017,https://wwwn.cdc.gov/Nchs/Data/Nhanes/Public/2017/DataFiles/P_AUX.htm
nhanes-examination-auxar_f-2009,https://wwwn.cdc.gov/Nchs/Data/Nhanes/Public/2009/DataFiles/AUXAR_F.htm
nhanes-examination-auxar_e-2007,https://wwwn.cdc.gov/Nchs/Data/Nhanes/Public/2007/DataFiles/AUXAR_E.htm
nhanes-examination-auxar_d-2005,https://wwwn.cdc.gov/Nchs/Data/Nhanes/Public/2005/DataFiles/AUXAR_D.htm
nhanes-examination-auxar-1999,https://wwwn.cdc.gov/Nchs/Data/Nhanes/Public/1999/DataFiles/AUXAR.htm
nhanes-examination-auxar_b-2001,https://wwwn.cdc.gov/Nchs/Data/Nhanes/Public/2001/DataFiles/AUXAR_B.htm
nhanes-examination-auxar_c-2003,https://wwwn.cdc.gov/Nchs/Data/Nhanes/Public/2003/DataFiles/AUXAR_C.htm
nhanes-examination-auxar_g-2011,https://wwwn.cdc.gov/Nchs/Data/Nhanes/Public/2011/DataFiles/AUXAR_G.htm
nhanes-examination-auxar_i-2015,https://wwwn.cdc.gov/Nchs/Data/Nhanes/Public/2015/DataFiles/AUXAR_I.htm
nhanes-examination-auxar_j-2017,https://wwwn.cdc.gov/Nchs/Data/Nhanes/Public/2017/DataFiles/AUXAR_J.htm
nhanes-examination-p_auxar-2017,https://wwwn.cdc.gov/Nchs/Data/Nhanes/Public/2017/DataFiles/P_AUXAR.htm
nhanes-examination-auxtym-1999,https://wwwn.cdc.gov/Nchs/Data/Nhanes/Public/1999/DataFiles/AUXTYM.htm
nhanes-examination-auxtym_e-2007,https://wwwn.cdc.gov/Nchs/Data/Nhanes/Public/2007/DataFiles/AUXTYM_E.htm
nhanes-examination-auxtym_d-2005,https://wwwn.cdc.gov/Nchs/Data/Nhanes/Public/2005/DataFiles/AUXTYM_D.htm
nhanes-examination-auxtym_c-2003,https://wwwn.cdc.gov/Nchs/Data/Nhanes/Public/2003/DataFiles/AUXTYM_C.htm
nhanes-examination-auxtym_b-2001,https://wwwn.cdc.gov/Nchs/Data/Nhanes/Public/2001/DataFiles/AUXTYM_B.htm
nhanes-examination-auxtym_f-2009,https://wwwn.cdc.gov/Nchs/Data/Nhanes/Public/2009/DataFiles/AUXTYM_F.htm
nhanes-examination-auxtym_g-2011,https://wwwn.cdc.gov/Nchs/Data/Nhanes/Public/2011/DataFiles/AUXTYM_G.htm
nhanes-examination-auxtym_i-2015,https://wwwn.cdc.gov/Nchs/Data/Nhanes/Public/2015/DataFiles/AUXTYM_I.htm
nhanes-examination-auxtym_j-2017,https://wwwn.cdc.gov/Nchs/Data/Nhanes/Public/2017/DataFiles/AUXTYM_J.htm
nhanes-examination-p_auxtym-2017,https://wwwn.cdc.gov/Nchs/Data/Nhanes/Public/2017/DataFiles/P_AUXTYM.htm
nhanes-examination-auxwbr_j-2017,https://wwwn.cdc.gov/Nchs/Data/Nhanes/Public/2017/DataFiles/AUXWBR_J.htm
nhanes-examination-p_auxwbr-2017,https://wwwn.cdc.gov/Nchs/Data/Nhanes/Public/2017/DataFiles/P_AUXWBR.htm
nhanes-examination-auxwbr_i-2015,https://wwwn.cdc.gov/Nchs/Data/Nhanes/Public/2015/DataFiles/AUXWBR_I.htm
nhanes-examination-bax-1999,https://wwwn.cdc.gov/Nchs/Data/Nhanes/Public/1999/DataFiles/BAX.htm
nhanes-examination-bax_c-2003,https://wwwn.cdc.gov/Nchs/Data/Nhanes/Public/2003/DataFiles/BAX_C.htm
nhanes-examination-bax_b-2001,https://wwwn.cdc.gov/Nchs/Data/Nhanes/Public/2001/DataFiles/BAX_B.htm
nhanes-examination-bax_l-2021,https://wwwn.cdc.gov/Nchs/Data/Nhanes/Public/2021/DataFiles/BAX_L.htm
nhanes-examination-bix-1999,https://wwwn.cdc.gov/Nchs/Data/Nhanes/Public/1999/DataFiles/BIX.htm
nhanes-examination-bix_c-2003,https://wwwn.cdc.gov/Nchs/Data/Nhanes/Public/2003/DataFiles/BIX_C.htm
nhanes-examination-bix_b-2001,https://wwwn.cdc.gov/Nchs/Data/Nhanes/Public/2001/DataFiles/BIX_B.htm
nhanes-examination-bpx_d-2005,https://wwwn.cdc.gov/Nchs/Data/Nhanes/Public/2005/DataFiles/BPX_D.htm
nhanes-examination-bpx_e-2007,https://wwwn.cdc.gov/Nchs/Data/Nhanes/Public/2007/DataFiles/BPX_E.htm
nhanes-examination-bpx-1999,https://wwwn.cdc.gov/Nchs/Data/Nhanes/Public/1999/DataFiles/BPX.htm
nhanes-examination-bpx_c-2003,https://wwwn.cdc.gov/Nchs/Data/Nhanes/Public/2003/DataFiles/BPX_C.htm
nhanes-examination-bpx_b-2001,https://wwwn.cdc.gov/Nchs/Data/Nhanes/Public/2001/DataFiles/BPX_B.htm
nhanes-examination-bpx_f-2009,https://wwwn.cdc.gov/Nchs/Data/Nhanes/Public/2009/DataFiles/BPX_F.htm
nhanes-examination-bpx_g-2011,https://wwwn.cdc.gov/Nchs/Data/Nhanes/Public/2011/DataFiles/BPX_G.htm
nhanes-examination-bpx_h-2013,https://wwwn.cdc.gov/Nchs/Data/Nhanes/Public/2013/DataFiles/BPX_H.htm
nhanes-examination-bpx_i-2015,https://wwwn.cdc.gov/Nchs/Data/Nhanes/Public/2015/DataFiles/BPX_I.htm
nhanes-examination-bpx_j-2017,https://wwwn.cdc.gov/Nchs/Data/Nhanes/Public/2017/DataFiles/BPX_J.htm
nhanes-examination-p_bpxo-2017,https://wwwn.cdc.gov/Nchs/Data/Nhanes/Public/2017/DataFiles/P_BPXO.htm
nhanes-examination-bpxo_j-2017,https://wwwn.cdc.gov/Nchs/Data/Nhanes/Public/2017/DataFiles/BPXO_J.htm
nhanes-examination-bpxo_l-2021,https://wwwn.cdc.gov/Nchs/Data/Nhanes/Public/2021/DataFiles/BPXO_L.htm
nhanes-examination-bmx_d-2005,https://wwwn.cdc.gov/Nchs/Data/Nhanes/Public/2005/DataFiles/BMX_D.htm
nhanes-examination-bmx-1999,https://wwwn.cdc.gov/Nchs/Data/Nhanes/Public/1999/DataFiles/BMX.htm
nhanes-examination-bmx_e-2007,https://wwwn.cdc.gov/Nchs/Data/Nhanes/Public/2007/DataFiles/BMX_E.htm
nhanes-examination-bmx_c-2003,https://wwwn.cdc.gov/Nchs/Data/Nhanes/Public/2003/DataFiles/BMX_C.htm
nhanes-examination-bmx_b-2001,https://wwwn.cdc.gov/Nchs/Data/Nhanes/Public/2001/DataFiles/BMX_B.htm
nhanes-examination-bmx_f-2009,https://wwwn.cdc.gov/Nchs/Data/Nhanes/Public/2009/DataFiles/BMX_F.htm
nhanes-examination-bmx_h-2013,https://wwwn.cdc.gov/Nchs/Data/Nhanes/Public/2013/DataFiles/BMX_H.htm
nhanes-examination-bmx_g-2011,https://wwwn.cdc.gov/Nchs/Data/Nhanes/Public/2011/DataFiles/BMX_G.htm
nhanes-examination-bmx_i-2015,https://wwwn.cdc.gov/Nchs/Data/Nhanes/Public/2015/DataFiles/BMX_I.htm
nhanes-examination-bmx_j-2017,https://wwwn.cdc.gov/Nchs/Data/Nhanes/Public/2017/DataFiles/BMX_J.htm
nhanes-examination-p_bmx-2017,https://wwwn.cdc.gov/Nchs/Data/Nhanes/Public/2017/DataFiles/P_BMX.htm
nhanes-examination-bmx_l-2021,https://wwwn.cdc.gov/Nchs/Data/Nhanes/Public/2021/DataFiles/BMX_L.htm
nhanes-examination-cvx-1999,https://wwwn.cdc.gov/Nchs/Data/Nhanes/Public/1999/DataFiles/CVX.htm
nhanes-examination-cvx_c-2003,https://wwwn.cdc.gov/Nchs/Data/Nhanes/Public/2003/DataFiles/CVX_C.htm
nhanes-examination-cvx_b-2001,https://wwwn.cdc.gov/Nchs/Data/Nhanes/Public/2001/DataFiles/CVX_B.htm
nhanes-examination-dex_c-2003,https://wwwn.cdc.gov/Nchs/Data/Nhanes/Public/2003/DataFiles/DEX_C.htm
nhanes-examination-dxxag_c-2003,https://wwwn.cdc.gov/Nchs/Data/Nhanes/Public/2003/DataFiles/DXXAG_C.htm
nhanes-examination-dxxag_d-2005,https://wwwn.cdc.gov/Nchs/Data/Nhanes/Public/2005/DataFiles/DXXAG_D.htm
nhanes-examination-dxxfem_e-2007,https://wwwn.cdc.gov/Nchs/Data/Nhanes/Public/2007/DataFiles/DXXFEM_E.htm
nhanes-examination-dxxfem_d-2005,https://wwwn.cdc.gov/Nchs/Data/Nhanes/Public/2005/DataFiles/DXXFEM_D.htm
nhanes-examination-dxxfem_f-2009,https://wwwn.cdc.gov/Nchs/Data/Nhanes/Public/2009/DataFiles/DXXFEM_F.htm
nhanes-examination-dxxspn_f-2009,https://wwwn.cdc.gov/Nchs/Data/Nhanes/Public/2009/DataFiles/DXXSPN_F.htm
nhanes-examination-dxxspn_d-2005,https://wwwn.cdc.gov/Nchs/Data/Nhanes/Public/2005/DataFiles/DXXSPN_D.htm
nhanes-examination-dxxspn_e-2007,https://wwwn.cdc.gov/Nchs/Data/Nhanes/Public/2007/DataFiles/DXXSPN_E.htm
nhanes-examination-dxxaac_h-2013,https://wwwn.cdc.gov/Nchs/Data/Nhanes/Public/2013/DataFiles/DXXAAC_H.htm
nhanes-examination-dxxag_g-2011,https://wwwn.cdc.gov/Nchs/Data/Nhanes/Public/2011/DataFiles/DXXAG_G.htm
nhanes-examination-dxxag_h-2013,https://wwwn.cdc.gov/Nchs/Data/Nhanes/Public/2013/DataFiles/DXXAG_H.htm
nhanes-examination-dxxag_i-2015,https://wwwn.cdc.gov/Nchs/Data/Nhanes/Public/2015/DataFiles/DXXAG_I.htm
nhanes-examination-dxxag_j-2017,https://wwwn.cdc.gov/Nchs/Data/Nhanes/Public/2017/DataFiles/DXXAG_J.htm
nhanes-examination-dxxfem_h-2013,https://wwwn.cdc.gov/Nchs/Data/Nhanes/Public/2013/DataFiles/DXXFEM_H.htm
nhanes-examination-dxxfem_j-2017,https://wwwn.cdc.gov/Nchs/Data/Nhanes/Public/2017/DataFiles/DXXFEM_J.htm
nhanes-examination-p_dxxfem-2017,https://wwwn.cdc.gov/Nchs/Data/Nhanes/Public/2017/DataFiles/P_DXXFEM.htm
nhanes-examination-dxxfrx_h-2013,https://wwwn.cdc.gov/Nchs/Data/Nhanes/Public/2013/DataFiles/DXXFRX_H.htm
nhanes-examination-dxxl1_h-2013,https://wwwn.cdc.gov/Nchs/Data/Nhanes/Public/2013/DataFiles/DXXL1_H.htm
nhanes-examination-dxxl2_h-2013,https://wwwn.cdc.gov/Nchs/Data/Nhanes/Public/2013/DataFiles/DXXL2_H.htm
nhanes-examination-dxxl3_h-2013,https://wwwn.cdc.gov/Nchs/Data/Nhanes/Public/2013/DataFiles/DXXL3_H.htm
nhanes-examination-dxxl4_h-2013,https://wwwn.cdc.gov/Nchs/Data/Nhanes/Public/2013/DataFiles/DXXL4_H.htm
nhanes-examination-dxxspn_h-2013,https://wwwn.cdc.gov/Nchs/Data/Nhanes/Public/2013/DataFiles/DXXSPN_H.htm
nhanes-examination-dxxspn_j-2017,https://wwwn.cdc.gov/Nchs/Data/Nhanes/Public/2017/DataFiles/DXXSPN_J.htm
nhanes-examination-p_dxxspn-2017,https://wwwn.cdc.gov/Nchs/Data/Nhanes/Public/2017/DataFiles/P_DXXSPN.htm
nhanes-examination-dxxt10_h-2013,https://wwwn.cdc.gov/Nchs/Data/Nhanes/Public/2013/DataFiles/DXXT10_H.htm
nhanes-examination-dxxt11_h-2013,https://wwwn.cdc.gov/Nchs/Data/Nhanes/Public/2013/DataFiles/DXXT11_H.htm
nhanes-examination-dxxt12_h-2013,https://wwwn.cdc.gov/Nchs/Data/Nhanes/Public/2013/DataFiles/DXXT12_H.htm
nhanes-examination-dxxt4_h-2013,https://wwwn.cdc.gov/Nchs/Data/Nhanes/Public/2013/DataFiles/DXXT4_H.htm
nhanes-examination-dxxt5_h-2013,https://wwwn.cdc.gov/Nchs/Data/Nhanes/Public/2013/DataFiles/DXXT5_H.htm
nhanes-examination-dxxt6_h-2013,https://wwwn.cdc.gov/Nchs/Data/Nhanes/Public/2013/DataFiles/DXXT6_H.htm
nhanes-examination-dxxt7_h-2013,https://wwwn.cdc.gov/Nchs/Data/Nhanes/Public/2013/DataFiles/DXXT7_H.htm
nhanes-examination-dxxt8_h-2013,https://wwwn.cdc.gov/Nchs/Data/Nhanes/Public/2013/DataFiles/DXXT8_H.htm
nhanes-examination-dxxt9_h-2013,https://wwwn.cdc.gov/Nchs/Data/Nhanes/Public/2013/DataFiles/DXXT9_H.htm
nhanes-examination-dxxvfa_h-2013,https://wwwn.cdc.gov/Nchs/Data/Nhanes/Public/2013/DataFiles/DXXVFA_H.htm
nhanes-examination-dxx_g-2011,https://wwwn.cdc.gov/Nchs/Data/Nhanes/Public/2011/DataFiles/DXX_G.htm
nhanes-examination-dxx_i-2015,https://wwwn.cdc.gov/Nchs/Data/Nhanes/Public/2015/DataFiles/DXX_I.htm
nhanes-examination-dxx_h-2013,https://wwwn.cdc.gov/Nchs/Data/Nhanes/Public/2013/DataFiles/DXX_H.htm
nhanes-examination-dxx_j-2017,https://wwwn.cdc.gov/Nchs/Data/Nhanes/Public/2017/DataFiles/DXX_J.htm
nhanes-examination-dxx_2_b-2001,https://wwwn.cdc.gov/Nchs/Data/Nhanes/Public/2001/DataFiles/DXX_2_B.htm
nhanes-examination-enx_e-2007,https://wwwn.cdc.gov/Nchs/Data/Nhanes/Public/2007/DataFiles/ENX_E.htm
nhanes-examination-enx_f-2009,https://wwwn.cdc.gov/Nchs/Data/Nhanes/Public/2009/DataFiles/ENX_F.htm
nhanes-examination-enx_g-2011,https://wwwn.cdc.gov/Nchs/Data/Nhanes/Public/2011/DataFiles/ENX_G.htm
nhanes-examination-flxcln_g-2011,https://wwwn.cdc.gov/Nchs/Data/Nhanes/Public/2011/DataFiles/FLXCLN_G.htm
nhanes-examination-flxcln_h-2013,https://wwwn.cdc.gov/Nchs/Data/Nhanes/Public/2013/DataFiles/FLXCLN_H.htm
nhanes-examination-flxcln_i-2015,https://wwwn.cdc.gov/Nchs/Data/Nhanes/Public/2015/DataFiles/FLXCLN_I.htm
nhanes-examination-flxcln_f-2009,https://wwwn.cdc.gov/Nchs/Data/Nhanes/Public/2009/DataFiles/FLXCLN_F.htm
nhanes-examination-lux_j-2017,https://wwwn.cdc.gov/Nchs/Data/Nhanes/Public/2017/DataFiles/LUX_J.htm
nhanes-examination-p_lux-2017,https://wwwn.cdc.gov/Nchs/Data/Nhanes/Public/2017/DataFiles/P_LUX.htm
nhanes-examination-lux_l-2021,https://wwwn.cdc.gov/Nchs/Data/Nhanes/Public/2021/DataFiles/LUX_L.htm
nhanes-examination-lexabpi-1999,https://wwwn.cdc.gov/Nchs/Data/Nhanes/Public/1999/DataFiles/LEXABPI.htm
nhanes-examination-lexab_c-2003,https://wwwn.cdc.gov/Nchs/Data/Nhanes/Public/2003/DataFiles/LEXAB_C.htm
nhanes-examination-lexab_b-2001,https://wwwn.cdc.gov/Nchs/Data/Nhanes/Public/2001/DataFiles/LEXAB_B.htm
nhanes-examination-lexpn-1999,https://wwwn.cdc.gov/Nchs/Data/Nhanes/Public/1999/DataFiles/LEXPN.htm
nhanes-examination-lexpn_c-2003,https://wwwn.cdc.gov/Nchs/Data/Nhanes/Public/2003/DataFiles/LEXPN_C.htm
nhanes-examination-lexpn_b-2001,https://wwwn.cdc.gov/Nchs/Data/Nhanes/Public/2001/DataFiles/LEXPN_B.htm
nhanes-examination-msx-1999,https://wwwn.cdc.gov/Nchs/Data/Nhanes/Public/1999/DataFiles/MSX.htm
nhanes-examination-msx_b-2001,https://wwwn.cdc.gov/Nchs/Data/Nhanes/Public/2001/DataFiles/MSX_B.htm
nhanes-examination-mgx_g-2011,https://wwwn.cdc.gov/Nchs/Data/Nhanes/Public/2011/DataFiles/MGX_G.htm
nhanes-examination-mgx_h-2013,https://wwwn.cdc.gov/Nchs/Data/Nhanes/Public/2013/DataFiles/MGX_H.htm
nhanes-examination-opxfdt_e-2007,https://wwwn.cdc.gov/Nchs/Data/Nhanes/Public/2007/DataFiles/OPXFDT_E.htm
nhanes-examination-opxfdt_d-2005,https://wwwn.cdc.gov/Nchs/Data/Nhanes/Public/2005/DataFiles/OPXFDT_D.htm
nhanes-examination-opxret_d-2005,https://wwwn.cdc.gov/Nchs/Data/Nhanes/Public/2005/DataFiles/OPXRET_D.htm
nhanes-examination-opxret_e-2007,https://wwwn.cdc.gov/Nchs/Data/Nhanes/Public/2007/DataFiles/OPXRET_E.htm
nhanes-examination-ohx_e-2007,https://wwwn.cdc.gov/Nchs/Data/Nhanes/Public/2007/DataFiles/OHX_E.htm
nhanes-examination-ohx_d-2005,https://wwwn.cdc.gov/Nchs/Data/Nhanes/Public/2005/DataFiles/OHX_D.htm
nhanes-examination-ohxadd_c-2003,https://wwwn.cdc.gov/Nchs/Data/Nhanes/Public/2003/DataFiles/OHXADD_C.htm
nhanes-examination-ohxdent-1999,https://wwwn.cdc.gov/Nchs/Data/Nhanes/Public/1999/DataFiles/OHXDENT.htm
nhanes-examination-ohxden_c-2003,https://wwwn.cdc.gov/Nchs/Data/Nhanes/Public/2003/DataFiles/OHXDEN_C.htm
nhanes-examination-ohxden_b-2001,https://wwwn.cdc.gov/Nchs/Data/Nhanes/Public/2001/DataFiles/OHXDEN_B.htm
nhanes-examination-ohxden_f-2009,https://wwwn.cdc.gov/Nchs/Data/Nhanes/Public/2009/DataFiles/OHXDEN_F.htm
nhanes-examination-ohxden_h-2013,https://wwwn.cdc.gov/Nchs/Data/Nhanes/Public/2013/DataFiles/OHXDEN_H.htm
nhanes-examination-ohxden_i-2015,https://wwwn.cdc.gov/Nchs/Data/Nhanes/Public/2015/DataFiles/OHXDEN_I.htm
nhanes-examination-ohxden_g-2011,https://wwwn.cdc.gov/Nchs/Data/Nhanes/Public/2011/DataFiles/OHXDEN_G.htm
nhanes-examination-ohxden_j-2017,https://wwwn.cdc.gov/Nchs/Data/Nhanes/Public/2017/DataFiles/OHXDEN_J.htm
nhanes-examination-p_ohxden-2017,https://wwwn.cdc.gov/Nchs/Data/Nhanes/Public/2017/DataFiles/P_OHXDEN.htm
nhanes-examination-ohxperio-1999,https://wwwn.cdc.gov/Nchs/Data/Nhanes/Public/1999/DataFiles/OHXPERIO.htm
nhanes-examination-ohxper_f-2009,https://wwwn.cdc.gov/Nchs/Data/Nhanes/Public/2009/DataFiles/OHXPER_F.htm
nhanes-examination-ohxper_g-2011,https://wwwn.cdc.gov/Nchs/Data/Nhanes/Public/2011/DataFiles/OHXPER_G.htm
nhanes-examination-ohxper_h-2013,https://wwwn.cdc.gov/Nchs/Data/Nhanes/Public/2013/DataFiles/OHXPER_H.htm
nhanes-examination-ohxprl_c-2003,https://wwwn.cdc.gov/Nchs/Data/Nhanes/Public/2003/DataFiles/OHXPRL_C.htm
nhanes-examination-ohxprl_b-2001,https://wwwn.cdc.gov/Nchs/Data/Nhanes/Public/2001/DataFiles/OHXPRL_B.htm
nhanes-examination-ohxpru_c-2003,https://wwwn.cdc.gov/Nchs/Data/Nhanes/Public/2003/DataFiles/OHXPRU_C.htm
nhanes-examination-ohxpru_b-2001,https://wwwn.cdc.gov/Nchs/Data/Nhanes/Public/2001/DataFiles/OHXPRU_B.htm
nhanes-examination-ohxref-1999,https://wwwn.cdc.gov/Nchs/Data/Nhanes/Public/1999/DataFiles/OHXREF.htm
nhanes-examination-ohxref_c-2003,https://wwwn.cdc.gov/Nchs/Data/Nhanes/Public/2003/DataFiles/OHXREF_C.htm
nhanes-examination-ohxref_b-2001,https://wwwn.cdc.gov/Nchs/Data/Nhanes/Public/2001/DataFiles/OHXREF_B.htm
nhanes-examination-ohxref_f-2009,https://wwwn.cdc.gov/Nchs/Data/Nhanes/Public/2009/DataFiles/OHXREF_F.htm
nhanes-examination-ohxref_g-2011,https://wwwn.cdc.gov/Nchs/Data/Nhanes/Public/2011/DataFiles/OHXREF_G.htm
nhanes-examination-ohxref_h-2013,https://wwwn.cdc.gov/Nchs/Data/Nhanes/Public/2013/DataFiles/OHXREF_H.htm
nhanes-examination-ohxref_i-2015,https://wwwn.cdc.gov/Nchs/Data/Nhanes/Public/2015/DataFiles/OHXREF_I.htm
nhanes-examination-ohxref_j-2017,https://wwwn.cdc.gov/Nchs/Data/Nhanes/Public/2017/DataFiles/OHXREF_J.htm
nhanes-examination-p_ohxref-2017,https://wwwn.cdc.gov/Nchs/Data/Nhanes/Public/2017/DataFiles/P_OHXREF.htm
nhanes-examination-paxraw_d-2005,https://wwwn.cdc.gov/Nchs/Data/Nhanes/Public/2005/DataFiles/PAXRAW_D.htm
nhanes-examination-paxraw_c-2003,https://wwwn.cdc.gov/Nchs/Data/Nhanes/Public/2003/DataFiles/PAXRAW_C.htm
nhanes-examination-paxlux_g-2011,https://wwwn.cdc.gov/Nchs/Data/Nhanes/Public/2011/DataFiles/PAXLUX_G.htm
nhanes-examination-paxlux_h-2013,https://wwwn.cdc.gov/Nchs/Data/Nhanes/Public/2013/DataFiles/PAXLUX_H.htm
nhanes-examination-paxday_g-2011,https://wwwn.cdc.gov/Nchs/Data/Nhanes/Public/2011/DataFiles/PAXDAY_G.htm
nhanes-examination-paxday_h-2013,https://wwwn.cdc.gov/Nchs/Data/Nhanes/Public/2013/DataFiles/PAXDAY_H.htm
nhanes-examination-paxhd_g-2011,https://wwwn.cdc.gov/Nchs/Data/Nhanes/Public/2011/DataFiles/PAXHD_G.htm
nhanes-examination-paxhd_h-2013,https://wwwn.cdc.gov/Nchs/Data/Nhanes/Public/2013/DataFiles/PAXHD_H.htm
nhanes-examination-paxhr_g-2011,https://wwwn.cdc.gov/Nchs/Data/Nhanes/Public/2011/DataFiles/PAXHR_G.htm
nhanes-examination-paxhr_h-2013,https://wwwn.cdc.gov/Nchs/Data/Nhanes/Public/2013/DataFiles/PAXHR_H.htm
nhanes-examination-paxmin_g-2011,https://wwwn.cdc.gov/Nchs/Data/Nhanes/Public/2011/DataFiles/PAXMIN_G.htm
nhanes-examination-paxmin_h-2013,https://wwwn.cdc.gov/Nchs/Data/Nhanes/Public/2013/DataFiles/PAXMIN_H.htm
nhanes-examination-pax80_g-2011,https://wwwn.cdc.gov/Nchs/Data/Nhanes/Public/2011/DataFiles/PAX80_G.htm
nhanes-examination-pax80_h-2013,https://wwwn.cdc.gov/Nchs/Data/Nhanes/Public/2013/DataFiles/PAX80_H.htm
nhanes-examination-seq-1999,https://wwwn.cdc.gov/Nchs/Data/Nhanes/Public/1999/DataFiles/SEQ.htm
nhanes-examination-spx_e-2007,https://wwwn.cdc.gov/Nchs/Data/Nhanes/Public/2007/DataFiles/SPX_E.htm
nhanes-examination-spx_f-2009,https://wwwn.cdc.gov/Nchs/Data/Nhanes/Public/2009/DataFiles/SPX_F.htm
nhanes-examination-spx_g-2011,https://wwwn.cdc.gov/Nchs/Data/Nhanes/Public/2011/DataFiles/SPX_G.htm
nhanes-examination-spxraw_e-2007,https://wwwn.cdc.gov/Nchs/Data/Nhanes/Public/2007/DataFiles/SPXRAW_E.htm
nhanes-examination-spxraw_f-2009,https://wwwn.cdc.gov/Nchs/Data/Nhanes/Public/2009/DataFiles/SPXRAW_F.htm
nhanes-examination-spxraw_g-2011,https://wwwn.cdc.gov/Nchs/Data/Nhanes/Public/2011/DataFiles/SPXRAW_G.htm
nhanes-examination-csx_h-2013,https://wwwn.cdc.gov/Nchs/Data/Nhanes/Public/2013/DataFiles/CSX_H.htm
nhanes-examination-tb-1999,https://wwwn.cdc.gov/Nchs/Data/Nhanes/Public/1999/DataFiles/TB.htm
nhanes-examination-tbx_g-2011,https://wwwn.cdc.gov/Nchs/Data/Nhanes/Public/2011/DataFiles/TBX_G.htm
nhanes-examination-vix_e-2007,https://wwwn.cdc.gov/Nchs/Data/Nhanes/Public/2007/DataFiles/VIX_E.htm
nhanes-examination-vix-1999,https://wwwn.cdc.gov/Nchs/Data/Nhanes/Public/1999/DataFiles/VIX.htm
nhanes-examination-vix_d-2005,https://wwwn.cdc.gov/Nchs/Data/Nhanes/Public/2005/DataFiles/VIX_D.htm
nhanes-examination-vix_c-2003,https://wwwn.cdc.gov/Nchs/Data/Nhanes/Public/2003/DataFiles/VIX_C.htm
nhanes-examination-vix_b-2001,https://wwwn.cdc.gov/Nchs/Data/Nhanes/Public/2001/DataFiles/VIX_B.htm
nhanes-laboratory-l06age_c-2003,https://wwwn.cdc.gov/Nchs/Data/Nhanes/Public/2003/DataFiles/L06AGE_C.htm
nhanes-laboratory-amdgyd_d-2005,https://wwwn.cdc.gov/Nchs/Data/Nhanes/Public/2005/DataFiles/AMDGYD_D.htm
nhanes-laboratory-amdgyd_h-2013,https://wwwn.cdc.gov/Nchs/Data/Nhanes/Public/2013/DataFiles/AMDGYD_H.htm
nhanes-laboratory-amdgyd_i-2015,https://wwwn.cdc.gov/Nchs/Data/Nhanes/Public/2015/DataFiles/AMDGYD_I.htm
nhanes-laboratory-amdgds_h-2013,https://wwwn.cdc.gov/Nchs/Data/Nhanes/Public/2013/DataFiles/AMDGDS_H.htm
nhanes-laboratory-ssafb_a-1999,https://wwwn.cdc.gov/Nchs/Data/Nhanes/Public/1999/DataFiles/SSAFB_A.htm
nhanes-laboratory-alb_cr_e-2007,https://wwwn.cdc.gov/Nchs/Data/Nhanes/Public/2007/DataFiles/ALB_CR_E.htm
nhanes-laboratory-lab16-1999,https://wwwn.cdc.gov/Nchs/Data/Nhanes/Public/1999/DataFiles/LAB16.htm
nhanes-laboratory-alb_cr_d-2005,https://wwwn.cdc.gov/Nchs/Data/Nhanes/Public/2005/DataFiles/ALB_CR_D.htm
nhanes-laboratory-l16_c-2003,https://wwwn.cdc.gov/Nchs/Data/Nhanes/Public/2003/DataFiles/L16_C.htm
nhanes-laboratory-l16_b-2001,https://wwwn.cdc.gov/Nchs/Data/Nhanes/Public/2001/DataFiles/L16_B.htm
nhanes-laboratory-alb_cr_f-2009,https://wwwn.cdc.gov/Nchs/Data/Nhanes/Public/2009/DataFiles/ALB_CR_F.htm
nhanes-laboratory-alb_cr_g-2011,https://wwwn.cdc.gov/Nchs/Data/Nhanes/Public/2011/DataFiles/ALB_CR_G.htm
nhanes-laboratory-alb_cr_h-2013,https://wwwn.cdc.gov/Nchs/Data/Nhanes/Public/2013/DataFiles/ALB_CR_H.htm
nhanes-laboratory-alb_cr_i-2015,https://wwwn.cdc.gov/Nchs/Data/Nhanes/Public/2015/DataFiles/ALB_CR_I.htm
nhanes-laboratory-alb_cr_j-2017,https://wwwn.cdc.gov/Nchs/Data/Nhanes/Public/2017/DataFiles/ALB_CR_J.htm
nhanes-laboratory-p_alb_cr-2017,https://wwwn.cdc.gov/Nchs/Data/Nhanes/Public/2017/DataFiles/P_ALB_CR.htm
nhanes-laboratory-alb_cr_l-2021,https://wwwn.cdc.gov/Nchs/Data/Nhanes/Public/2021/DataFiles/ALB_CR_L.htm
nhanes-laboratory-ald_h-2013,https://wwwn.cdc.gov/Nchs/Data/Nhanes/Public/2013/DataFiles/ALD_H.htm
nhanes-laboratory-alds_h-2013,https://wwwn.cdc.gov/Nchs/Data/Nhanes/Public/2013/DataFiles/ALDS_H.htm
nhanes-laboratory-al_ige_d-2005,https://wwwn.cdc.gov/Nchs/Data/Nhanes/Public/2005/DataFiles/AL_IGE_D.htm
nhanes-laboratory-aldust_d-2005,https://wwwn.cdc.gov/Nchs/Data/Nhanes/Public/2005/DataFiles/ALDUST_D.htm
nhanes-laboratory-agp_l-2021,https://wwwn.cdc.gov/Nchs/Data/Nhanes/Public/2021/DataFiles/AGP_L.htm
nhanes-laboratory-ssagp_i-2015,https://wwwn.cdc.gov/Nchs/Data/Nhanes/Public/2015/DataFiles/SSAGP_I.htm
nhanes-laboratory-ssagp_j-2017,https://wwwn.cdc.gov/Nchs/Data/Nhanes/Public/2017/DataFiles/SSAGP_J.htm
nhanes-laboratory-p_ssagp-2017,https://wwwn.cdc.gov/Nchs/Data/Nhanes/Public/2017/DataFiles/P_SSAGP.htm
nhanes-laboratory-sstoca_g-2011,https://wwwn.cdc.gov/Nchs/Data/Nhanes/Public/2011/DataFiles/SSTOCA_G.htm
nhanes-laboratory-sstoca_h-2013,https://wwwn.cdc.gov/Nchs/Data/Nhanes/Public/2013/DataFiles/SSTOCA_H.htm
nhanes-laboratory-ssamh_a-1999,https://wwwn.cdc.gov/Nchs/Data/Nhanes/Public/1999/DataFiles/SSAMH_A.htm
nhanes-laboratory-ssamh_b-2001,https://wwwn.cdc.gov/Nchs/Data/Nhanes/Public/2001/DataFiles/SSAMH_B.htm
nhanes-laboratory-ssamh_c-2003,https://wwwn.cdc.gov/Nchs/Data/Nhanes/Public/2003/DataFiles/SSAMH_C.htm
nhanes-laboratory-apob_e-2007,https://wwwn.cdc.gov/Nchs/Data/Nhanes/Public/2007/DataFiles/APOB_E.htm
nhanes-laboratory-apob_f-2009,https://wwwn.cdc.gov/Nchs/Data/Nhanes/Public/2009/DataFiles/APOB_F.htm
nhanes-laboratory-apob_g-2011,https://wwwn.cdc.gov/Nchs/Data/Nhanes/Public/2011/DataFiles/APOB_G.htm
nhanes-laboratory-apob_h-2013,https://wwwn.cdc.gov/Nchs/Data/Nhanes/Public/2013/DataFiles/APOB_H.htm
nhanes-laboratory-apob_i-2015,https://wwwn.cdc.gov/Nchs/Data/Nhanes/Public/2015/DataFiles/APOB_I.htm
nhanes-laboratory-aa_h-2013,https://wwwn.cdc.gov/Nchs/Data/Nhanes/Public/2013/DataFiles/AA_H.htm
nhanes-laboratory-aas_h-2013,https://wwwn.cdc.gov/Nchs/Data/Nhanes/Public/2013/DataFiles/AAS_H.htm
nhanes-laboratory-uadm_i-2015,https://wwwn.cdc.gov/Nchs/Data/Nhanes/Public/2015/DataFiles/UADM_I.htm
nhanes-laboratory-utas_h-2013,https://wwwn.cdc.gov/Nchs/Data/Nhanes/Public/2013/DataFiles/UTAS_H.htm
nhanes-laboratory-utas_i-2015,https://wwwn.cdc.gov/Nchs/Data/Nhanes/Public/2015/DataFiles/UTAS_I.htm
nhanes-laboratory-utas_j-2017,https://wwwn.cdc.gov/Nchs/Data/Nhanes/Public/2017/DataFiles/UTAS_J.htm
nhanes-laboratory-p_utas-2017,https://wwwn.cdc.gov/Nchs/Data/Nhanes/Public/2017/DataFiles/P_UTAS.htm
nhanes-laboratory-utass_h-2013,https://wwwn.cdc.gov/Nchs/Data/Nhanes/Public/2013/DataFiles/UTASS_H.htm
nhanes-laboratory-utass_i-2015,https://wwwn.cdc.gov/Nchs/Data/Nhanes/Public/2015/DataFiles/UTASS_I.htm
nhanes-laboratory-uas_h-2013,https://wwwn.cdc.gov/Nchs/Data/Nhanes/Public/2013/DataFiles/UAS_H.htm
nhanes-laboratory-uas_j-2017,https://wwwn.cdc.gov/Nchs/Data/Nhanes/Public/2017/DataFiles/UAS_J.htm
nhanes-laboratory-p_uas-2017,https://wwwn.cdc.gov/Nchs/Data/Nhanes/Public/2017/DataFiles/P_UAS.htm
nhanes-laboratory-uass_h-2013,https://wwwn.cdc.gov/Nchs/Data/Nhanes/Public/2013/DataFiles/UASS_H.htm
nhanes-laboratory-uas_e-2007,https://wwwn.cdc.gov/Nchs/Data/Nhanes/Public/2007/DataFiles/UAS_E.htm
nhanes-laboratory-uas_d-2005,https://wwwn.cdc.gov/Nchs/Data/Nhanes/Public/2005/DataFiles/UAS_D.htm
nhanes-laboratory-l06uas_c-2003,https://wwwn.cdc.gov/Nchs/Data/Nhanes/Public/2003/DataFiles/L06UAS_C.htm
nhanes-laboratory-uas_f-2009,https://wwwn.cdc.gov/Nchs/Data/Nhanes/Public/2009/DataFiles/UAS_F.htm
nhanes-laboratory-uas_g-2011,https://wwwn.cdc.gov/Nchs/Data/Nhanes/Public/2011/DataFiles/UAS_G.htm
nhanes-laboratory-uass_g-2011,https://wwwn.cdc.gov/Nchs/Data/Nhanes/Public/2011/DataFiles/UASS_G.htm
nhanes-laboratory-uam_e-2007,https://wwwn.cdc.gov/Nchs/Data/Nhanes/Public/2007/DataFiles/UAM_E.htm
nhanes-laboratory-ssdfs_a-1999,https://wwwn.cdc.gov/Nchs/Data/Nhanes/Public/1999/DataFiles/SSDFS_A.htm
nhanes-laboratory-ssdfs_g-2011,https://wwwn.cdc.gov/Nchs/Data/Nhanes/Public/2011/DataFiles/SSDFS_G.htm
nhanes-laboratory-ssana_a-1999,https://wwwn.cdc.gov/Nchs/Data/Nhanes/Public/1999/DataFiles/SSANA_A.htm
nhanes-laboratory-ssana2_g-2011,https://wwwn.cdc.gov/Nchs/Data/Nhanes/Public/2011/DataFiles/SSANA2_G.htm
nhanes-laboratory-ssana2_a-1999,https://wwwn.cdc.gov/Nchs/Data/Nhanes/Public/1999/DataFiles/SSANA2_A.htm
nhanes-laboratory-l34_b-2001,https://wwwn.cdc.gov/Nchs/Data/Nhanes/Public/2001/DataFiles/L34_B.htm
nhanes-laboratory-l34_c-2003,https://wwwn.cdc.gov/Nchs/Data/Nhanes/Public/2003/DataFiles/L34_C.htm
nhanes-laboratory-l28pbe_c-2003,https://wwwn.cdc.gov/Nchs/Data/Nhanes/Public/2003/DataFiles/L28PBE_C.htm
nhanes-laboratory-bfrpol_d-2005,https://wwwn.cdc.gov/Nchs/Data/Nhanes/Public/2005/DataFiles/BFRPOL_D.htm
nhanes-laboratory-bfrpol_e-2007,https://wwwn.cdc.gov/Nchs/Data/Nhanes/Public/2007/DataFiles/BFRPOL_E.htm
nhanes-laboratory-bfrpol_f-2009,https://wwwn.cdc.gov/Nchs/Data/Nhanes/Public/2009/DataFiles/BFRPOL_F.htm
nhanes-laboratory-bfrpol_g-2011,https://wwwn.cdc.gov/Nchs/Data/Nhanes/Public/2011/DataFiles/BFRPOL_G.htm
nhanes-laboratory-bfrpol_h-2013,https://wwwn.cdc.gov/Nchs/Data/Nhanes/Public/2013/DataFiles/BFRPOL_H.htm
nhanes-laboratory-bfrpol_i-2015,https://wwwn.cdc.gov/Nchs/Data/Nhanes/Public/2015/DataFiles/BFRPOL_I.htm
nhanes-laboratory-ssbfr_b-2001,https://wwwn.cdc.gov/Nchs/Data/Nhanes/Public/2001/DataFiles/SSBFR_B.htm
nhanes-laboratory-pbcd_d-2005,https://wwwn.cdc.gov/Nchs/Data/Nhanes/Public/2005/DataFiles/PBCD_D.htm
nhanes-laboratory-pbcd_e-2007,https://wwwn.cdc.gov/Nchs/Data/Nhanes/Public/2007/DataFiles/PBCD_E.htm
nhanes-laboratory-l06bmt_c-2003,https://wwwn.cdc.gov/Nchs/Data/Nhanes/Public/2003/DataFiles/L06BMT_C.htm
nhanes-laboratory-pbcd_f-2009,https://wwwn.cdc.gov/Nchs/Data/Nhanes/Public/2009/DataFiles/PBCD_F.htm
nhanes-laboratory-lab06-1999,https://wwwn.cdc.gov/Nchs/Data/Nhanes/Public/1999/DataFiles/LAB06.htm
nhanes-laboratory-l06_b-2001,https://wwwn.cdc.gov/Nchs/Data/Nhanes/Public/2001/DataFiles/L06_B.htm
nhanes-laboratory-l06_2_b-2001,https://wwwn.cdc.gov/Nchs/Data/Nhanes/Public/2001/DataFiles/L06_2_B.htm
nhanes-laboratory-pbcd_g-2011,https://wwwn.cdc.gov/Nchs/Data/Nhanes/Public/2011/DataFiles/PBCD_G.htm
nhanes-laboratory-cafe_f-2009,https://wwwn.cdc.gov/Nchs/Data/Nhanes/Public/2009/DataFiles/CAFE_F.htm
nhanes-laboratory-cafe_g-2011,https://wwwn.cdc.gov/Nchs/Data/Nhanes/Public/2011/DataFiles/CAFE_G.htm
nhanes-laboratory-cafe_h-2013,https://wwwn.cdc.gov/Nchs/Data/Nhanes/Public/2013/DataFiles/CAFE_H.htm
nhanes-laboratory-sscafe_a-1999,https://wwwn.cdc.gov/Nchs/Data/Nhanes/Public/1999/DataFiles/SSCAFE_A.htm
nhanes-laboratory-sscafe_b-2001,https://wwwn.cdc.gov/Nchs/Data/Nhanes/Public/2001/DataFiles/SSCAFE_B.htm
nhanes-laboratory-ssca_b-2001,https://wwwn.cdc.gov/Nchs/Data/Nhanes/Public/2001/DataFiles/SSCA_B.htm
nhanes-laboratory-sscga_b-2001,https://wwwn.cdc.gov/Nchs/Data/Nhanes/Public/2001/DataFiles/SSCGA_B.htm
nhanes-laboratory-chlmda_f-2009,https://wwwn.cdc.gov/Nchs/Data/Nhanes/Public/2009/DataFiles/CHLMDA_F.htm
nhanes-laboratory-chlmda_g-2011,https://wwwn.cdc.gov/Nchs/Data/Nhanes/Public/2011/DataFiles/CHLMDA_G.htm
nhanes-laboratory-chlmda_h-2013,https://wwwn.cdc.gov/Nchs/Data/Nhanes/Public/2013/DataFiles/CHLMDA_H.htm
nhanes-laboratory-chlmda_i-2015,https://wwwn.cdc.gov/Nchs/Data/Nhanes/Public/2015/DataFiles/CHLMDA_I.htm
nhanes-laboratory-lab05-1999,https://wwwn.cdc.gov/Nchs/Data/Nhanes/Public/1999/DataFiles/LAB05.htm
nhanes-laboratory-chlmda_d-2005,https://wwwn.cdc.gov/Nchs/Data/Nhanes/Public/2005/DataFiles/CHLMDA_D.htm
nhanes-laboratory-l05_c-2003,https://wwwn.cdc.gov/Nchs/Data/Nhanes/Public/2003/DataFiles/L05_C.htm
nhanes-laboratory-l05_b-2001,https://wwwn.cdc.gov/Nchs/Data/Nhanes/Public/2001/DataFiles/L05_B.htm
nhanes-laboratory-chlmda_e-2007,https://wwwn.cdc.gov/Nchs/Data/Nhanes/Public/2007/DataFiles/CHLMDA_E.htm
nhanes-laboratory-ssct_h-2013,https://wwwn.cdc.gov/Nchs/Data/Nhanes/Public/2013/DataFiles/SSCT_H.htm
nhanes-laboratory-ssct_i-2015,https://wwwn.cdc.gov/Nchs/Data/Nhanes/Public/2015/DataFiles/SSCT_I.htm
nhanes-laboratory-ssclty_i-2015,https://wwwn.cdc.gov/Nchs/Data/Nhanes/Public/2015/DataFiles/SSCLTY_I.htm
nhanes-laboratory-hdl_e-2007,https://wwwn.cdc.gov/Nchs/Data/Nhanes/Public/2007/DataFiles/HDL_E.htm
nhanes-laboratory-hdl_d-2005,https://wwwn.cdc.gov/Nchs/Data/Nhanes/Public/2005/DataFiles/HDL_D.htm
nhanes-laboratory-hdl_f-2009,https://wwwn.cdc.gov/Nchs/Data/Nhanes/Public/2009/DataFiles/HDL_F.htm
nhanes-laboratory-hdl_g-2011,https://wwwn.cdc.gov/Nchs/Data/Nhanes/Public/2011/DataFiles/HDL_G.htm
nhanes-laboratory-hdl_h-2013,https://wwwn.cdc.gov/Nchs/Data/Nhanes/Public/2013/DataFiles/HDL_H.htm
nhanes-laboratory-hdl_j-2017,https://wwwn.cdc.gov/Nchs/Data/Nhanes/Public/2017/DataFiles/HDL_J.htm
nhanes-laboratory-p_hdl-2017,https://wwwn.cdc.gov/Nchs/Data/Nhanes/Public/2017/DataFiles/P_HDL.htm
nhanes-laboratory-hdl_l-2021,https://wwwn.cdc.gov/Nchs/Data/Nhanes/Public/2021/DataFiles/HDL_L.htm
nhanes-laboratory-hdl_i-2015,https://wwwn.cdc.gov/Nchs/Data/Nhanes/Public/2015/DataFiles/HDL_I.htm
nhanes-laboratory-trigly_e-2007,https://wwwn.cdc.gov/Nchs/Data/Nhanes/Public/2007/DataFiles/TRIGLY_E.htm
nhanes-laboratory-lab13am-1999,https://wwwn.cdc.gov/Nchs/Data/Nhanes/Public/1999/DataFiles/LAB13AM.htm
nhanes-laboratory-l13am_c-2003,https://wwwn.cdc.gov/Nchs/Data/Nhanes/Public/2003/DataFiles/L13AM_C.htm
nhanes-laboratory-l13am_b-2001,https://wwwn.cdc.gov/Nchs/Data/Nhanes/Public/2001/DataFiles/L13AM_B.htm
nhanes-laboratory-trigly_f-2009,https://wwwn.cdc.gov/Nchs/Data/Nhanes/Public/2009/DataFiles/TRIGLY_F.htm
nhanes-laboratory-trigly_g-2011,https://wwwn.cdc.gov/Nchs/Data/Nhanes/Public/2011/DataFiles/TRIGLY_G.htm
nhanes-laboratory-trigly_h-2013,https://wwwn.cdc.gov/Nchs/Data/Nhanes/Public/2013/DataFiles/TRIGLY_H.htm
nhanes-laboratory-trigly_d-2005,https://wwwn.cdc.gov/Nchs/Data/Nhanes/Public/2005/DataFiles/TRIGLY_D.htm
nhanes-laboratory-trigly_i-2015,https://wwwn.cdc.gov/Nchs/Data/Nhanes/Public/2015/DataFiles/TRIGLY_I.htm
nhanes-laboratory-trigly_j-2017,https://wwwn.cdc.gov/Nchs/Data/Nhanes/Public/2017/DataFiles/TRIGLY_J.htm
nhanes-laboratory-p_trigly-2017,https://wwwn.cdc.gov/Nchs/Data/Nhanes/Public/2017/DataFiles/P_TRIGLY.htm
nhanes-laboratory-trigly_l-2021,https://wwwn.cdc.gov/Nchs/Data/Nhanes/Public/2021/DataFiles/TRIGLY_L.htm
nhanes-laboratory-tchol_e-2007,https://wwwn.cdc.gov/Nchs/Data/Nhanes/Public/2007/DataFiles/TCHOL_E.htm
nhanes-laboratory-tchol_d-2005,https://wwwn.cdc.gov/Nchs/Data/Nhanes/Public/2005/DataFiles/TCHOL_D.htm
nhanes-laboratory-tchol_f-2009,https://wwwn.cdc.gov/Nchs/Data/Nhanes/Public/2009/DataFiles/TCHOL_F.htm
nhanes-laboratory-tchol_g-2011,https://wwwn.cdc.gov/Nchs/Data/Nhanes/Public/2011/DataFiles/TCHOL_G.htm
nhanes-laboratory-tchol_h-2013,https://wwwn.cdc.gov/Nchs/Data/Nhanes/Public/2013/DataFiles/TCHOL_H.htm
nhanes-laboratory-tchol_i-2015,https://wwwn.cdc.gov/Nchs/Data/Nhanes/Public/2015/DataFiles/TCHOL_I.htm
nhanes-laboratory-tchol_j-2017,https://wwwn.cdc.gov/Nchs/Data/Nhanes/Public/2017/DataFiles/TCHOL_J.htm
nhanes-laboratory-p_tchol-2017,https://wwwn.cdc.gov/Nchs/Data/Nhanes/Public/2017/DataFiles/P_TCHOL.htm
nhanes-laboratory-tchol_l-2021,https://wwwn.cdc.gov/Nchs/Data/Nhanes/Public/2021/DataFiles/TCHOL_L.htm
nhanes-laboratory-lab13-1999,https://wwwn.cdc.gov/Nchs/Data/Nhanes/Public/1999/DataFiles/LAB13.htm
nhanes-laboratory-l13_b-2001,https://wwwn.cdc.gov/Nchs/Data/Nhanes/Public/2001/DataFiles/L13_B.htm
nhanes-laboratory-l13_c-2003,https://wwwn.cdc.gov/Nchs/Data/Nhanes/Public/2003/DataFiles/L13_C.htm
nhanes-laboratory-l13_2_b-2001,https://wwwn.cdc.gov/Nchs/Data/Nhanes/Public/2001/DataFiles/L13_2_B.htm
nhanes-laboratory-ucm_j-2017,https://wwwn.cdc.gov/Nchs/Data/Nhanes/Public/2017/DataFiles/UCM_J.htm
nhanes-laboratory-p_ucm-2017,https://wwwn.cdc.gov/Nchs/Data/Nhanes/Public/2017/DataFiles/P_UCM.htm
nhanes-laboratory-crco_i-2015,https://wwwn.cdc.gov/Nchs/Data/Nhanes/Public/2015/DataFiles/CRCO_I.htm
nhanes-laboratory-crco_j-2017,https://wwwn.cdc.gov/Nchs/Data/Nhanes/Public/2017/DataFiles/CRCO_J.htm
nhanes-laboratory-p_crco-2017,https://wwwn.cdc.gov/Nchs/Data/Nhanes/Public/2017/DataFiles/P_CRCO.htm
nhanes-laboratory-cbc_j-2017,https://wwwn.cdc.gov/Nchs/Data/Nhanes/Public/2017/DataFiles/CBC_J.htm
nhanes-laboratory-cbc_e-2007,https://wwwn.cdc.gov/Nchs/Data/Nhanes/Public/2007/DataFiles/CBC_E.htm
nhanes-laboratory-lab25-1999,https://wwwn.cdc.gov/Nchs/Data/Nhanes/Public/1999/DataFiles/LAB25.htm
nhanes-laboratory-cbc_d-2005,https://wwwn.cdc.gov/Nchs/Data/Nhanes/Public/2005/DataFiles/CBC_D.htm
nhanes-laboratory-l25_c-2003,https://wwwn.cdc.gov/Nchs/Data/Nhanes/Public/2003/DataFiles/L25_C.htm
nhanes-laboratory-l25_b-2001,https://wwwn.cdc.gov/Nchs/Data/Nhanes/Public/2001/DataFiles/L25_B.htm
nhanes-laboratory-cbc_f-2009,https://wwwn.cdc.gov/Nchs/Data/Nhanes/Public/2009/DataFiles/CBC_F.htm
nhanes-laboratory-cbc_g-2011,https://wwwn.cdc.gov/Nchs/Data/Nhanes/Public/2011/DataFiles/CBC_G.htm
nhanes-laboratory-cbc_h-2013,https://wwwn.cdc.gov/Nchs/Data/Nhanes/Public/2013/DataFiles/CBC_H.htm
nhanes-laboratory-cbc_i-2015,https://wwwn.cdc.gov/Nchs/Data/Nhanes/Public/2015/DataFiles/CBC_I.htm
nhanes-laboratory-l25_2_b-2001,https://wwwn.cdc.gov/Nchs/Data/Nhanes/Public/2001/DataFiles/L25_2_B.htm
nhanes-laboratory-p_cbc-2017,https://wwwn.cdc.gov/Nchs/Data/Nhanes/Public/2017/DataFiles/P_CBC.htm
nhanes-laboratory-cbc_l-2021,https://wwwn.cdc.gov/Nchs/Data/Nhanes/Public/2021/DataFiles/CBC_L.htm
nhanes-laboratory-cusezn_g-2011,https://wwwn.cdc.gov/Nchs/Data/Nhanes/Public/2011/DataFiles/CUSEZN_G.htm
nhanes-laboratory-cusezn_h-2013,https://wwwn.cdc.gov/Nchs/Data/Nhanes/Public/2013/DataFiles/CUSEZN_H.htm
nhanes-laboratory-cusezn_i-2015,https://wwwn.cdc.gov/Nchs/Data/Nhanes/Public/2015/DataFiles/CUSEZN_I.htm
nhanes-laboratory-cot_d-2005,https://wwwn.cdc.gov/Nchs/Data/Nhanes/Public/2005/DataFiles/COT_D.htm
nhanes-laboratory-l06cot_c-2003,https://wwwn.cdc.gov/Nchs/Data/Nhanes/Public/2003/DataFiles/L06COT_C.htm
nhanes-laboratory-cotnal_e-2007,https://wwwn.cdc.gov/Nchs/Data/Nhanes/Public/2007/DataFiles/COTNAL_E.htm
nhanes-laboratory-cotnal_f-2009,https://wwwn.cdc.gov/Nchs/Data/Nhanes/Public/2009/DataFiles/COTNAL_F.htm
nhanes-laboratory-cotnal_g-2011,https://wwwn.cdc.gov/Nchs/Data/Nhanes/Public/2011/DataFiles/COTNAL_G.htm
nhanes-laboratory-cot_h-2013,https://wwwn.cdc.gov/Nchs/Data/Nhanes/Public/2013/DataFiles/COT_H.htm
nhanes-laboratory-cot_i-2015,https://wwwn.cdc.gov/Nchs/Data/Nhanes/Public/2015/DataFiles/COT_I.htm
nhanes-laboratory-cot_j-2017,https://wwwn.cdc.gov/Nchs/Data/Nhanes/Public/2017/DataFiles/COT_J.htm
nhanes-laboratory-p_cot-2017,https://wwwn.cdc.gov/Nchs/Data/Nhanes/Public/2017/DataFiles/P_COT.htm
nhanes-laboratory-ucot_h-2013,https://wwwn.cdc.gov/Nchs/Data/Nhanes/Public/2013/DataFiles/UCOT_H.htm
nhanes-laboratory-ucot_i-2015,https://wwwn.cdc.gov/Nchs/Data/Nhanes/Public/2015/DataFiles/UCOT_I.htm
nhanes-laboratory-ucot_j-2017,https://wwwn.cdc.gov/Nchs/Data/Nhanes/Public/2017/DataFiles/UCOT_J.htm
nhanes-laboratory-ucots_h-2013,https://wwwn.cdc.gov/Nchs/Data/Nhanes/Public/2013/DataFiles/UCOTS_H.htm
nhanes-laboratory-ucots_i-2015,https://wwwn.cdc.gov/Nchs/Data/Nhanes/Public/2015/DataFiles/UCOTS_I.htm
nhanes-laboratory-ssqfev_c-2003,https://wwwn.cdc.gov/Nchs/Data/Nhanes/Public/2003/DataFiles/SSQFEV_C.htm
nhanes-laboratory-l11_2_b-2001,https://wwwn.cdc.gov/Nchs/Data/Nhanes/Public/2001/DataFiles/L11_2_B.htm
nhanes-laboratory-crp_e-2007,https://wwwn.cdc.gov/Nchs/Data/Nhanes/Public/2007/DataFiles/CRP_E.htm
nhanes-laboratory-lab11-1999,https://wwwn.cdc.gov/Nchs/Data/Nhanes/Public/1999/DataFiles/LAB11.htm
nhanes-laboratory-crp_d-2005,https://wwwn.cdc.gov/Nchs/Data/Nhanes/Public/2005/DataFiles/CRP_D.htm
nhanes-laboratory-crp_f-2009,https://wwwn.cdc.gov/Nchs/Data/Nhanes/Public/2009/DataFiles/CRP_F.htm
nhanes-laboratory-l11_c-2003,https://wwwn.cdc.gov/Nchs/Data/Nhanes/Public/2003/DataFiles/L11_C.htm
nhanes-laboratory-l11_b-2001,https://wwwn.cdc.gov/Nchs/Data/Nhanes/Public/2001/DataFiles/L11_B.htm
nhanes-laboratory-l16_2_b-2001,https://wwwn.cdc.gov/Nchs/Data/Nhanes/Public/2001/DataFiles/L16_2_B.htm
nhanes-laboratory-lab17-1999,https://wwwn.cdc.gov/Nchs/Data/Nhanes/Public/1999/DataFiles/LAB17.htm
nhanes-laboratory-sscyst_a-1999,https://wwwn.cdc.gov/Nchs/Data/Nhanes/Public/1999/DataFiles/SSCYST_A.htm
nhanes-laboratory-sscyst_b-2001,https://wwwn.cdc.gov/Nchs/Data/Nhanes/Public/2001/DataFiles/SSCYST_B.htm
nhanes-laboratory-sscmv_a-1999,https://wwwn.cdc.gov/Nchs/Data/Nhanes/Public/1999/DataFiles/SSCMV_A.htm
nhanes-laboratory-sscmv_b-2001,https://wwwn.cdc.gov/Nchs/Data/Nhanes/Public/2001/DataFiles/SSCMV_B.htm
nhanes-laboratory-sscmv_c-2003,https://wwwn.cdc.gov/Nchs/Data/Nhanes/Public/2003/DataFiles/SSCMV_C.htm
nhanes-laboratory-sscmvg_a-1999,https://wwwn.cdc.gov/Nchs/Data/Nhanes/Public/1999/DataFiles/SSCMVG_A.htm
nhanes-laboratory-cmv_g-2011,https://wwwn.cdc.gov/Nchs/Data/Nhanes/Public/2011/DataFiles/CMV_G.htm
nhanes-laboratory-cmv_j-2017,https://wwwn.cdc.gov/Nchs/Data/Nhanes/Public/2017/DataFiles/CMV_J.htm
nhanes-laboratory-p_cmv-2017,https://wwwn.cdc.gov/Nchs/Data/Nhanes/Public/2017/DataFiles/P_CMV.htm
nhanes-laboratory-ssucsh_a-1999,https://wwwn.cdc.gov/Nchs/Data/Nhanes/Public/1999/DataFiles/SSUCSH_A.htm
nhanes-laboratory-deet_e-2007,https://wwwn.cdc.gov/Nchs/Data/Nhanes/Public/2007/DataFiles/DEET_E.htm
nhanes-laboratory-deet_f-2009,https://wwwn.cdc.gov/Nchs/Data/Nhanes/Public/2009/DataFiles/DEET_F.htm
nhanes-laboratory-deet_g-2011,https://wwwn.cdc.gov/Nchs/Data/Nhanes/Public/2011/DataFiles/DEET_G.htm
nhanes-laboratory-deet_h-2013,https://wwwn.cdc.gov/Nchs/Data/Nhanes/Public/2013/DataFiles/DEET_H.htm
nhanes-laboratory-deet_i-2015,https://wwwn.cdc.gov/Nchs/Data/Nhanes/Public/2015/DataFiles/DEET_I.htm
nhanes-laboratory-ssdeet_i-2015,https://wwwn.cdc.gov/Nchs/Data/Nhanes/Public/2015/DataFiles/SSDEET_I.htm
nhanes-laboratory-lab28poc-1999,https://wwwn.cdc.gov/Nchs/Data/Nhanes/Public/1999/DataFiles/LAB28POC.htm
nhanes-laboratory-l28dfp_c-2003,https://wwwn.cdc.gov/Nchs/Data/Nhanes/Public/2003/DataFiles/L28DFP_C.htm
nhanes-laboratory-l28poc_b-2001,https://wwwn.cdc.gov/Nchs/Data/Nhanes/Public/2001/DataFiles/L28POC_B.htm
nhanes-laboratory-eph_e-2007,https://wwwn.cdc.gov/Nchs/Data/Nhanes/Public/2007/DataFiles/EPH_E.htm
nhanes-laboratory-l24eph_c-2003,https://wwwn.cdc.gov/Nchs/Data/Nhanes/Public/2003/DataFiles/L24EPH_C.htm
nhanes-laboratory-eph_f-2009,https://wwwn.cdc.gov/Nchs/Data/Nhanes/Public/2009/DataFiles/EPH_F.htm
nhanes-laboratory-eph_d-2005,https://wwwn.cdc.gov/Nchs/Data/Nhanes/Public/2005/DataFiles/EPH_D.htm
nhanes-laboratory-eph_g-2011,https://wwwn.cdc.gov/Nchs/Data/Nhanes/Public/2011/DataFiles/EPH_G.htm
nhanes-laboratory-ssebv_c-2003,https://wwwn.cdc.gov/Nchs/Data/Nhanes/Public/2003/DataFiles/SSEBV_C.htm
nhanes-laboratory-ssebv_d-2005,https://wwwn.cdc.gov/Nchs/Data/Nhanes/Public/2005/DataFiles/SSEBV_D.htm
nhanes-laboratory-ssebv_e-2007,https://wwwn.cdc.gov/Nchs/Data/Nhanes/Public/2007/DataFiles/SSEBV_E.htm
nhanes-laboratory-ssebv_f-2009,https://wwwn.cdc.gov/Nchs/Data/Nhanes/Public/2009/DataFiles/SSEBV_F.htm
nhanes-laboratory-l39_2_b-2001,https://wwwn.cdc.gov/Nchs/Data/Nhanes/Public/2001/DataFiles/L39_2_B.htm
nhanes-laboratory-epp_d-2005,https://wwwn.cdc.gov/Nchs/Data/Nhanes/Public/2005/DataFiles/EPP_D.htm
nhanes-laboratory-l39_b-2001,https://wwwn.cdc.gov/Nchs/Data/Nhanes/Public/2001/DataFiles/L39_B.htm
nhanes-laboratory-l39epp_c-2003,https://wwwn.cdc.gov/Nchs/Data/Nhanes/Public/2003/DataFiles/L39EPP_C.htm
nhanes-laboratory-ethox_h-2013,https://wwwn.cdc.gov/Nchs/Data/Nhanes/Public/2013/DataFiles/ETHOX_H.htm
nhanes-laboratory-ethox_i-2015,https://wwwn.cdc.gov/Nchs/Data/Nhanes/Public/2015/DataFiles/ETHOX_I.htm
nhanes-laboratory-ethox_j-2017,https://wwwn.cdc.gov/Nchs/Data/Nhanes/Public/2017/DataFiles/ETHOX_J.htm
nhanes-laboratory-p_ethox-2017,https://wwwn.cdc.gov/Nchs/Data/Nhanes/Public/2017/DataFiles/P_ETHOX.htm
nhanes-laboratory-ethoxs_h-2013,https://wwwn.cdc.gov/Nchs/Data/Nhanes/Public/2013/DataFiles/ETHOXS_H.htm
nhanes-laboratory-fastqx_e-2007,https://wwwn.cdc.gov/Nchs/Data/Nhanes/Public/2007/DataFiles/FASTQX_E.htm
nhanes-laboratory-ph-1999,https://wwwn.cdc.gov/Nchs/Data/Nhanes/Public/1999/DataFiles/PH.htm
nhanes-laboratory-fastqx_d-2005,https://wwwn.cdc.gov/Nchs/Data/Nhanes/Public/2005/DataFiles/FASTQX_D.htm
nhanes-laboratory-ph_c-2003,https://wwwn.cdc.gov/Nchs/Data/Nhanes/Public/2003/DataFiles/PH_C.htm
nhanes-laboratory-ph_b-2001,https://wwwn.cdc.gov/Nchs/Data/Nhanes/Public/2001/DataFiles/PH_B.htm
nhanes-laboratory-fastqx_f-2009,https://wwwn.cdc.gov/Nchs/Data/Nhanes/Public/2009/DataFiles/FASTQX_F.htm
nhanes-laboratory-fastqx_g-2011,https://wwwn.cdc.gov/Nchs/Data/Nhanes/Public/2011/DataFiles/FASTQX_G.htm
nhanes-laboratory-fastqx_h-2013,https://wwwn.cdc.gov/Nchs/Data/Nhanes/Public/2013/DataFiles/FASTQX_H.htm
nhanes-laboratory-fastqx_i-2015,https://wwwn.cdc.gov/Nchs/Data/Nhanes/Public/2015/DataFiles/FASTQX_I.htm
nhanes-laboratory-fastqx_j-2017,https://wwwn.cdc.gov/Nchs/Data/Nhanes/Public/2017/DataFiles/FASTQX_J.htm
nhanes-laboratory-p_fastqx-2017,https://wwwn.cdc.gov/Nchs/Data/Nhanes/Public/2017/DataFiles/P_FASTQX.htm
nhanes-laboratory-fastqx_l-2021,https://wwwn.cdc.gov/Nchs/Data/Nhanes/Public/2021/DataFiles/FASTQX_L.htm
nhanes-laboratory-ssfa_c-2003,https://wwwn.cdc.gov/Nchs/Data/Nhanes/Public/2003/DataFiles/SSFA_C.htm
nhanes-laboratory-fas_g-2011,https://wwwn.cdc.gov/Nchs/Data/Nhanes/Public/2011/DataFiles/FAS_G.htm
nhanes-laboratory-fas_h-2013,https://wwwn.cdc.gov/Nchs/Data/Nhanes/Public/2013/DataFiles/FAS_H.htm
nhanes-laboratory-far_l-2021,https://wwwn.cdc.gov/Nchs/Data/Nhanes/Public/2021/DataFiles/FAR_L.htm
nhanes-laboratory-fertin_e-2007,https://wwwn.cdc.gov/Nchs/Data/Nhanes/Public/2007/DataFiles/FERTIN_E.htm
nhanes-laboratory-fertin_d-2005,https://wwwn.cdc.gov/Nchs/Data/Nhanes/Public/2005/DataFiles/FERTIN_D.htm
nhanes-laboratory-fertin_f-2009,https://wwwn.cdc.gov/Nchs/Data/Nhanes/Public/2009/DataFiles/FERTIN_F.htm
nhanes-laboratory-fertin_i-2015,https://wwwn.cdc.gov/Nchs/Data/Nhanes/Public/2015/DataFiles/FERTIN_I.htm
nhanes-laboratory-fertin_j-2017,https://wwwn.cdc.gov/Nchs/Data/Nhanes/Public/2017/DataFiles/FERTIN_J.htm
nhanes-laboratory-p_fertin-2017,https://wwwn.cdc.gov/Nchs/Data/Nhanes/Public/2017/DataFiles/P_FERTIN.htm
nhanes-laboratory-fertin_l-2021,https://wwwn.cdc.gov/Nchs/Data/Nhanes/Public/2021/DataFiles/FERTIN_L.htm
nhanes-laboratory-l06tfr_c-2003,https://wwwn.cdc.gov/Nchs/Data/Nhanes/Public/2003/DataFiles/L06TFR_C.htm
nhanes-laboratory-ssflrt_h-2013,https://wwwn.cdc.gov/Nchs/Data/Nhanes/Public/2013/DataFiles/SSFLRT_H.htm
nhanes-laboratory-fr_j-2017,https://wwwn.cdc.gov/Nchs/Data/Nhanes/Public/2017/DataFiles/FR_J.htm
nhanes-laboratory-p_fr-2017,https://wwwn.cdc.gov/Nchs/Data/Nhanes/Public/2017/DataFiles/P_FR.htm
nhanes-laboratory-ssfr_g-2011,https://wwwn.cdc.gov/Nchs/Data/Nhanes/Public/2011/DataFiles/SSFR_G.htm
nhanes-laboratory-ssfr_i-2015,https://wwwn.cdc.gov/Nchs/Data/Nhanes/Public/2015/DataFiles/SSFR_I.htm
nhanes-laboratory-ssfr_j-2017,https://wwwn.cdc.gov/Nchs/Data/Nhanes/Public/2017/DataFiles/SSFR_J.htm
nhanes-laboratory-p_ssfr-2017,https://wwwn.cdc.gov/Nchs/Data/Nhanes/Public/2017/DataFiles/P_SSFR.htm
nhanes-laboratory-fldep_h-2013,https://wwwn.cdc.gov/Nchs/Data/Nhanes/Public/2013/DataFiles/FLDEP_H.htm
nhanes-laboratory-fldep_i-2015,https://wwwn.cdc.gov/Nchs/Data/Nhanes/Public/2015/DataFiles/FLDEP_I.htm
nhanes-laboratory-uflde_i-2015,https://wwwn.cdc.gov/Nchs/Data/Nhanes/Public/2015/DataFiles/UFLDE_I.htm
nhanes-laboratory-fldew_h-2013,https://wwwn.cdc.gov/Nchs/Data/Nhanes/Public/2013/DataFiles/FLDEW_H.htm
nhanes-laboratory-fldew_i-2015,https://wwwn.cdc.gov/Nchs/Data/Nhanes/Public/2015/DataFiles/FLDEW_I.htm
nhanes-laboratory-folate_g-2011,https://wwwn.cdc.gov/Nchs/Data/Nhanes/Public/2011/DataFiles/FOLATE_G.htm
nhanes-laboratory-folate_h-2013,https://wwwn.cdc.gov/Nchs/Data/Nhanes/Public/2013/DataFiles/FOLATE_H.htm
nhanes-laboratory-folate_i-2015,https://wwwn.cdc.gov/Nchs/Data/Nhanes/Public/2015/DataFiles/FOLATE_I.htm
nhanes-laboratory-folate_j-2017,https://wwwn.cdc.gov/Nchs/Data/Nhanes/Public/2017/DataFiles/FOLATE_J.htm
nhanes-laboratory-p_folate-2017,https://wwwn.cdc.gov/Nchs/Data/Nhanes/Public/2017/DataFiles/P_FOLATE.htm
nhanes-laboratory-folate_l-2021,https://wwwn.cdc.gov/Nchs/Data/Nhanes/Public/2021/DataFiles/FOLATE_L.htm
nhanes-laboratory-folate_d-2005,https://wwwn.cdc.gov/Nchs/Data/Nhanes/Public/2005/DataFiles/FOLATE_D.htm
nhanes-laboratory-folate_e-2007,https://wwwn.cdc.gov/Nchs/Data/Nhanes/Public/2007/DataFiles/FOLATE_E.htm
nhanes-laboratory-folate_f-2009,https://wwwn.cdc.gov/Nchs/Data/Nhanes/Public/2009/DataFiles/FOLATE_F.htm
nhanes-laboratory-l06nb_c-2003,https://wwwn.cdc.gov/Nchs/Data/Nhanes/Public/2003/DataFiles/L06NB_C.htm
nhanes-laboratory-folfms_e-2007,https://wwwn.cdc.gov/Nchs/Data/Nhanes/Public/2007/DataFiles/FOLFMS_E.htm
nhanes-laboratory-folfms_h-2013,https://wwwn.cdc.gov/Nchs/Data/Nhanes/Public/2013/DataFiles/FOLFMS_H.htm
nhanes-laboratory-folfms_g-2011,https://wwwn.cdc.gov/Nchs/Data/Nhanes/Public/2011/DataFiles/FOLFMS_G.htm
nhanes-laboratory-folfms_i-2015,https://wwwn.cdc.gov/Nchs/Data/Nhanes/Public/2015/DataFiles/FOLFMS_I.htm
nhanes-laboratory-folfms_j-2017,https://wwwn.cdc.gov/Nchs/Data/Nhanes/Public/2017/DataFiles/FOLFMS_J.htm
nhanes-laboratory-p_folfms-2017,https://wwwn.cdc.gov/Nchs/Data/Nhanes/Public/2017/DataFiles/P_FOLFMS.htm
nhanes-laboratory-ffmr_l-2021,https://wwwn.cdc.gov/Nchs/Data/Nhanes/Public/2021/DataFiles/FFMR_L.htm
nhanes-laboratory-ssfol_a-1999,https://wwwn.cdc.gov/Nchs/Data/Nhanes/Public/1999/DataFiles/SSFOL_A.htm
nhanes-laboratory-formal_i-2015,https://wwwn.cdc.gov/Nchs/Data/Nhanes/Public/2015/DataFiles/FORMAL_I.htm
nhanes-laboratory-formal_h-2013,https://wwwn.cdc.gov/Nchs/Data/Nhanes/Public/2013/DataFiles/FORMAL_H.htm
nhanes-laboratory-formas_h-2013,https://wwwn.cdc.gov/Nchs/Data/Nhanes/Public/2013/DataFiles/FORMAS_H.htm
nhanes-laboratory-sscard_a-1999,https://wwwn.cdc.gov/Nchs/Data/Nhanes/Public/1999/DataFiles/SSCARD_A.htm
nhanes-laboratory-ghb_e-2007,https://wwwn.cdc.gov/Nchs/Data/Nhanes/Public/2007/DataFiles/GHB_E.htm
nhanes-laboratory-lab10-1999,https://wwwn.cdc.gov/Nchs/Data/Nhanes/Public/1999/DataFiles/LAB10.htm
nhanes-laboratory-ghb_d-2005,https://wwwn.cdc.gov/Nchs/Data/Nhanes/Public/2005/DataFiles/GHB_D.htm
nhanes-laboratory-l10_c-2003,https://wwwn.cdc.gov/Nchs/Data/Nhanes/Public/2003/DataFiles/L10_C.htm
nhanes-laboratory-l10_b-2001,https://wwwn.cdc.gov/Nchs/Data/Nhanes/Public/2001/DataFiles/L10_B.htm
nhanes-laboratory-ghb_f-2009,https://wwwn.cdc.gov/Nchs/Data/Nhanes/Public/2009/DataFiles/GHB_F.htm
nhanes-laboratory-ghb_g-2011,https://wwwn.cdc.gov/Nchs/Data/Nhanes/Public/2011/DataFiles/GHB_G.htm
nhanes-laboratory-ghb_h-2013,https://wwwn.cdc.gov/Nchs/Data/Nhanes/Public/2013/DataFiles/GHB_H.htm
nhanes-laboratory-ghb_i-2015,https://wwwn.cdc.gov/Nchs/Data/Nhanes/Public/2015/DataFiles/GHB_I.htm
nhanes-laboratory-ghb_j-2017,https://wwwn.cdc.gov/Nchs/Data/Nhanes/Public/2017/DataFiles/GHB_J.htm
nhanes-laboratory-p_ghb-2017,https://wwwn.cdc.gov/Nchs/Data/Nhanes/Public/2017/DataFiles/P_GHB.htm
nhanes-laboratory-ghb_l-2021,https://wwwn.cdc.gov/Nchs/Data/Nhanes/Public/2021/DataFiles/GHB_L.htm
nhanes-laboratory-l10_2_b-2001,https://wwwn.cdc.gov/Nchs/Data/Nhanes/Public/2001/DataFiles/L10_2_B.htm
nhanes-laboratory-ssglyp_h-2013,https://wwwn.cdc.gov/Nchs/Data/Nhanes/Public/2013/DataFiles/SSGLYP_H.htm
nhanes-laboratory-ssglyp_i-2015,https://wwwn.cdc.gov/Nchs/Data/Nhanes/Public/2015/DataFiles/SSGLYP_I.htm
nhanes-laboratory-ssglyp_j-2017,https://wwwn.cdc.gov/Nchs/Data/Nhanes/Public/2017/DataFiles/SSGLYP_J.htm
nhanes-laboratory-hepa_h-2013,https://wwwn.cdc.gov/Nchs/Data/Nhanes/Public/2013/DataFiles/HEPA_H.htm
nhanes-laboratory-hepa_i-2015,https://wwwn.cdc.gov/Nchs/Data/Nhanes/Public/2015/DataFiles/HEPA_I.htm
nhanes-laboratory-hepa_j-2017,https://wwwn.cdc.gov/Nchs/Data/Nhanes/Public/2017/DataFiles/HEPA_J.htm
nhanes-laboratory-p_hepa-2017,https://wwwn.cdc.gov/Nchs/Data/Nhanes/Public/2017/DataFiles/P_HEPA.htm
nhanes-laboratory-hepa_l-2021,https://wwwn.cdc.gov/Nchs/Data/Nhanes/Public/2021/DataFiles/HEPA_L.htm
nhanes-laboratory-hepa_e-2007,https://wwwn.cdc.gov/Nchs/Data/Nhanes/Public/2007/DataFiles/HEPA_E.htm
nhanes-laboratory-l02hpa_a-1999,https://wwwn.cdc.gov/Nchs/Data/Nhanes/Public/1999/DataFiles/L02HPA_A.htm
nhanes-laboratory-hepa_d-2005,https://wwwn.cdc.gov/Nchs/Data/Nhanes/Public/2005/DataFiles/HEPA_D.htm
nhanes-laboratory-l02hpa_c-2003,https://wwwn.cdc.gov/Nchs/Data/Nhanes/Public/2003/DataFiles/L02HPA_C.htm
nhanes-laboratory-l02hpa_b-2001,https://wwwn.cdc.gov/Nchs/Data/Nhanes/Public/2001/DataFiles/L02HPA_B.htm
nhanes-laboratory-hepa_f-2009,https://wwwn.cdc.gov/Nchs/Data/Nhanes/Public/2009/DataFiles/HEPA_F.htm
nhanes-laboratory-hepa_g-2011,https://wwwn.cdc.gov/Nchs/Data/Nhanes/Public/2011/DataFiles/HEPA_G.htm
nhanes-laboratory-hepb_s_e-2007,https://wwwn.cdc.gov/Nchs/Data/Nhanes/Public/2007/DataFiles/HEPB_S_E.htm
nhanes-laboratory-l02hbs-1999,https://wwwn.cdc.gov/Nchs/Data/Nhanes/Public/1999/DataFiles/L02HBS.htm
nhanes-laboratory-hepb_s_d-2005,https://wwwn.cdc.gov/Nchs/Data/Nhanes/Public/2005/DataFiles/HEPB_S_D.htm
nhanes-laboratory-l02hbs_c-2003,https://wwwn.cdc.gov/Nchs/Data/Nhanes/Public/2003/DataFiles/L02HBS_C.htm
nhanes-laboratory-l02hbs_b-2001,https://wwwn.cdc.gov/Nchs/Data/Nhanes/Public/2001/DataFiles/L02HBS_B.htm
nhanes-laboratory-hepb_s_f-2009,https://wwwn.cdc.gov/Nchs/Data/Nhanes/Public/2009/DataFiles/HEPB_S_F.htm
nhanes-laboratory-hepb_s_g-2011,https://wwwn.cdc.gov/Nchs/Data/Nhanes/Public/2011/DataFiles/HEPB_S_G.htm
nhanes-laboratory-p_hepb_s-2017,https://wwwn.cdc.gov/Nchs/Data/Nhanes/Public/2017/DataFiles/P_HEPB_S.htm
nhanes-laboratory-hepb_s_l-2021,https://wwwn.cdc.gov/Nchs/Data/Nhanes/Public/2021/DataFiles/HEPB_S_L.htm
nhanes-laboratory-l02_b-2001,https://wwwn.cdc.gov/Nchs/Data/Nhanes/Public/2001/DataFiles/L02_B.htm
nhanes-laboratory-lab02-1999,https://wwwn.cdc.gov/Nchs/Data/Nhanes/Public/1999/DataFiles/LAB02.htm
nhanes-laboratory-l02_c-2003,https://wwwn.cdc.gov/Nchs/Data/Nhanes/Public/2003/DataFiles/L02_C.htm
nhanes-laboratory-hepbd_d-2005,https://wwwn.cdc.gov/Nchs/Data/Nhanes/Public/2005/DataFiles/HEPBD_D.htm
nhanes-laboratory-hepbd_f-2009,https://wwwn.cdc.gov/Nchs/Data/Nhanes/Public/2009/DataFiles/HEPBD_F.htm
nhanes-laboratory-hepbd_g-2011,https://wwwn.cdc.gov/Nchs/Data/Nhanes/Public/2011/DataFiles/HEPBD_G.htm
nhanes-laboratory-hepbd_h-2013,https://wwwn.cdc.gov/Nchs/Data/Nhanes/Public/2013/DataFiles/HEPBD_H.htm
nhanes-laboratory-hepbd_i-2015,https://wwwn.cdc.gov/Nchs/Data/Nhanes/Public/2015/DataFiles/HEPBD_I.htm
nhanes-laboratory-hepbd_j-2017,https://wwwn.cdc.gov/Nchs/Data/Nhanes/Public/2017/DataFiles/HEPBD_J.htm
nhanes-laboratory-p_hepbd-2017,https://wwwn.cdc.gov/Nchs/Data/Nhanes/Public/2017/DataFiles/P_HEPBD.htm
nhanes-laboratory-hepbd_l-2021,https://wwwn.cdc.gov/Nchs/Data/Nhanes/Public/2021/DataFiles/HEPBD_L.htm
nhanes-laboratory-hepbd_e-2007,https://wwwn.cdc.gov/Nchs/Data/Nhanes/Public/2007/DataFiles/HEPBD_E.htm
nhanes-laboratory-hepb_s_h-2013,https://wwwn.cdc.gov/Nchs/Data/Nhanes/Public/2013/DataFiles/HEPB_S_H.htm
nhanes-laboratory-hepb_s_i-2015,https://wwwn.cdc.gov/Nchs/Data/Nhanes/Public/2015/DataFiles/HEPB_S_I.htm
nhanes-laboratory-hepb_s_j-2017,https://wwwn.cdc.gov/Nchs/Data/Nhanes/Public/2017/DataFiles/HEPB_S_J.htm
nhanes-laboratory-sshcv_e-2007,https://wwwn.cdc.gov/Nchs/Data/Nhanes/Public/2007/DataFiles/SSHCV_E.htm
nhanes-laboratory-sshcvr_c-2003,https://wwwn.cdc.gov/Nchs/Data/Nhanes/Public/2003/DataFiles/SSHCVR_C.htm
nhanes-laboratory-sshepc_h-2013,https://wwwn.cdc.gov/Nchs/Data/Nhanes/Public/2013/DataFiles/SSHEPC_H.htm
nhanes-laboratory-hepc_e-2007,https://wwwn.cdc.gov/Nchs/Data/Nhanes/Public/2007/DataFiles/HEPC_E.htm
nhanes-laboratory-hepc_d-2005,https://wwwn.cdc.gov/Nchs/Data/Nhanes/Public/2005/DataFiles/HEPC_D.htm
nhanes-laboratory-hepc_f-2009,https://wwwn.cdc.gov/Nchs/Data/Nhanes/Public/2009/DataFiles/HEPC_F.htm
nhanes-laboratory-hepc_g-2011,https://wwwn.cdc.gov/Nchs/Data/Nhanes/Public/2011/DataFiles/HEPC_G.htm
nhanes-laboratory-hepc_h-2013,https://wwwn.cdc.gov/Nchs/Data/Nhanes/Public/2013/DataFiles/HEPC_H.htm
nhanes-laboratory-hepc_i-2015,https://wwwn.cdc.gov/Nchs/Data/Nhanes/Public/2015/DataFiles/HEPC_I.htm
nhanes-laboratory-hepc_j-2017,https://wwwn.cdc.gov/Nchs/Data/Nhanes/Public/2017/DataFiles/HEPC_J.htm
nhanes-laboratory-p_hepc-2017,https://wwwn.cdc.gov/Nchs/Data/Nhanes/Public/2017/DataFiles/P_HEPC.htm
nhanes-laboratory-hepc_l-2021,https://wwwn.cdc.gov/Nchs/Data/Nhanes/Public/2021/DataFiles/HEPC_L.htm
nhanes-laboratory-hepe_f-2009,https://wwwn.cdc.gov/Nchs/Data/Nhanes/Public/2009/DataFiles/HEPE_F.htm
nhanes-laboratory-hepe_g-2011,https://wwwn.cdc.gov/Nchs/Data/Nhanes/Public/2011/DataFiles/HEPE_G.htm
nhanes-laboratory-hepe_h-2013,https://wwwn.cdc.gov/Nchs/Data/Nhanes/Public/2013/DataFiles/HEPE_H.htm
nhanes-laboratory-hepe_i-2015,https://wwwn.cdc.gov/Nchs/Data/Nhanes/Public/2015/DataFiles/HEPE_I.htm
nhanes-laboratory-hepe_j-2017,https://wwwn.cdc.gov/Nchs/Data/Nhanes/Public/2017/DataFiles/HEPE_J.htm
nhanes-laboratory-p_hepe-2017,https://wwwn.cdc.gov/Nchs/Data/Nhanes/Public/2017/DataFiles/P_HEPE.htm
nhanes-laboratory-hepe_l-2021,https://wwwn.cdc.gov/Nchs/Data/Nhanes/Public/2021/DataFiles/HEPE_L.htm
nhanes-laboratory-lab09-1999,https://wwwn.cdc.gov/Nchs/Data/Nhanes/Public/1999/DataFiles/LAB09.htm
nhanes-laboratory-l09_b-2001,https://wwwn.cdc.gov/Nchs/Data/Nhanes/Public/2001/DataFiles/L09_B.htm
nhanes-laboratory-l09_c-2003,https://wwwn.cdc.gov/Nchs/Data/Nhanes/Public/2003/DataFiles/L09_C.htm
nhanes-laboratory-hsv_d-2005,https://wwwn.cdc.gov/Nchs/Data/Nhanes/Public/2005/DataFiles/HSV_D.htm
nhanes-laboratory-hsv_e-2007,https://wwwn.cdc.gov/Nchs/Data/Nhanes/Public/2007/DataFiles/HSV_E.htm
nhanes-laboratory-hsv_f-2009,https://wwwn.cdc.gov/Nchs/Data/Nhanes/Public/2009/DataFiles/HSV_F.htm
nhanes-laboratory-hsv_g-2011,https://wwwn.cdc.gov/Nchs/Data/Nhanes/Public/2011/DataFiles/HSV_G.htm
nhanes-laboratory-hsv_h-2013,https://wwwn.cdc.gov/Nchs/Data/Nhanes/Public/2013/DataFiles/HSV_H.htm
nhanes-laboratory-hsv_i-2015,https://wwwn.cdc.gov/Nchs/Data/Nhanes/Public/2015/DataFiles/HSV_I.htm
nhanes-laboratory-sshsv1_b-2001,https://wwwn.cdc.gov/Nchs/Data/Nhanes/Public/2001/DataFiles/SSHSV1_B.htm
nhanes-laboratory-sshsv1_a-1999,https://wwwn.cdc.gov/Nchs/Data/Nhanes/Public/1999/DataFiles/SSHSV1_A.htm
nhanes-laboratory-hcaa_h-2013,https://wwwn.cdc.gov/Nchs/Data/Nhanes/Public/2013/DataFiles/HCAA_H.htm
nhanes-laboratory-hcaas_h-2013,https://wwwn.cdc.gov/Nchs/Data/Nhanes/Public/2013/DataFiles/HCAAS_H.htm
nhanes-laboratory-sstrop_a-1999,https://wwwn.cdc.gov/Nchs/Data/Nhanes/Public/1999/DataFiles/SSTROP_A.htm
nhanes-laboratory-hscrp_j-2017,https://wwwn.cdc.gov/Nchs/Data/Nhanes/Public/2017/DataFiles/HSCRP_J.htm
nhanes-laboratory-p_hscrp-2017,https://wwwn.cdc.gov/Nchs/Data/Nhanes/Public/2017/DataFiles/P_HSCRP.htm
nhanes-laboratory-hscrp_l-2021,https://wwwn.cdc.gov/Nchs/Data/Nhanes/Public/2021/DataFiles/HSCRP_L.htm
nhanes-laboratory-hscrp_i-2015,https://wwwn.cdc.gov/Nchs/Data/Nhanes/Public/2015/DataFiles/HSCRP_I.htm
nhanes-laboratory-hiv_e-2007,https://wwwn.cdc.gov/Nchs/Data/Nhanes/Public/2007/DataFiles/HIV_E.htm
nhanes-laboratory-hiv_f-2009,https://wwwn.cdc.gov/Nchs/Data/Nhanes/Public/2009/DataFiles/HIV_F.htm
nhanes-laboratory-hiv_g-2011,https://wwwn.cdc.gov/Nchs/Data/Nhanes/Public/2011/DataFiles/HIV_G.htm
nhanes-laboratory-hiv_h-2013,https://wwwn.cdc.gov/Nchs/Data/Nhanes/Public/2013/DataFiles/HIV_H.htm
nhanes-laboratory-hiv_i-2015,https://wwwn.cdc.gov/Nchs/Data/Nhanes/Public/2015/DataFiles/HIV_I.htm
nhanes-laboratory-hiv_j-2017,https://wwwn.cdc.gov/Nchs/Data/Nhanes/Public/2017/DataFiles/HIV_J.htm
nhanes-laboratory-lab03-1999,https://wwwn.cdc.gov/Nchs/Data/Nhanes/Public/1999/DataFiles/LAB03.htm
nhanes-laboratory-hiv_d-2005,https://wwwn.cdc.gov/Nchs/Data/Nhanes/Public/2005/DataFiles/HIV_D.htm
nhanes-laboratory-l03_c-2003,https://wwwn.cdc.gov/Nchs/Data/Nhanes/Public/2003/DataFiles/L03_C.htm
nhanes-laboratory-l03_b-2001,https://wwwn.cdc.gov/Nchs/Data/Nhanes/Public/2001/DataFiles/L03_B.htm
nhanes-laboratory-ssholo_g-2011,https://wwwn.cdc.gov/Nchs/Data/Nhanes/Public/2011/DataFiles/SSHOLO_G.htm
nhanes-laboratory-hcy_d-2005,https://wwwn.cdc.gov/Nchs/Data/Nhanes/Public/2005/DataFiles/HCY_D.htm
nhanes-laboratory-sshe4_b-2001,https://wwwn.cdc.gov/Nchs/Data/Nhanes/Public/2001/DataFiles/SSHE4_B.htm
nhanes-laboratory-hpvser_f-2009,https://wwwn.cdc.gov/Nchs/Data/Nhanes/Public/2009/DataFiles/HPVSER_F.htm
nhanes-laboratory-l52ser_c-2003,https://wwwn.cdc.gov/Nchs/Data/Nhanes/Public/2003/DataFiles/L52SER_C.htm
nhanes-laboratory-hpvser_e-2007,https://wwwn.cdc.gov/Nchs/Data/Nhanes/Public/2007/DataFiles/HPVSER_E.htm
nhanes-laboratory-hpvser_d-2005,https://wwwn.cdc.gov/Nchs/Data/Nhanes/Public/2005/DataFiles/HPVSER_D.htm
nhanes-laboratory-hpvsrm_d-2005,https://wwwn.cdc.gov/Nchs/Data/Nhanes/Public/2005/DataFiles/HPVSRM_D.htm
nhanes-laboratory-orhpv_f-2009,https://wwwn.cdc.gov/Nchs/Data/Nhanes/Public/2009/DataFiles/ORHPV_F.htm
nhanes-laboratory-orhpv_g-2011,https://wwwn.cdc.gov/Nchs/Data/Nhanes/Public/2011/DataFiles/ORHPV_G.htm
nhanes-laboratory-orhpv_h-2013,https://wwwn.cdc.gov/Nchs/Data/Nhanes/Public/2013/DataFiles/ORHPV_H.htm
nhanes-laboratory-orhpv_i-2015,https://wwwn.cdc.gov/Nchs/Data/Nhanes/Public/2015/DataFiles/ORHPV_I.htm
nhanes-laboratory-hpvp_i-2015,https://wwwn.cdc.gov/Nchs/Data/Nhanes/Public/2015/DataFiles/HPVP_I.htm
nhanes-laboratory-l37swa_c-2003,https://wwwn.cdc.gov/Nchs/Data/Nhanes/Public/2003/DataFiles/L37SWA_C.htm
nhanes-laboratory-hpvswr_e-2007,https://wwwn.cdc.gov/Nchs/Data/Nhanes/Public/2007/DataFiles/HPVSWR_E.htm
nhanes-laboratory-hpvswr_f-2009,https://wwwn.cdc.gov/Nchs/Data/Nhanes/Public/2009/DataFiles/HPVSWR_F.htm
nhanes-laboratory-hpvswr_g-2011,https://wwwn.cdc.gov/Nchs/Data/Nhanes/Public/2011/DataFiles/HPVSWR_G.htm
nhanes-laboratory-hpvswr_d-2005,https://wwwn.cdc.gov/Nchs/Data/Nhanes/Public/2005/DataFiles/HPVSWR_D.htm
nhanes-laboratory-hpvswr_h-2013,https://wwwn.cdc.gov/Nchs/Data/Nhanes/Public/2013/DataFiles/HPVSWR_H.htm
nhanes-laboratory-hpvswc_i-2015,https://wwwn.cdc.gov/Nchs/Data/Nhanes/Public/2015/DataFiles/HPVSWC_I.htm
nhanes-laboratory-l37swr_c-2003,https://wwwn.cdc.gov/Nchs/Data/Nhanes/Public/2003/DataFiles/L37SWR_C.htm
nhanes-laboratory-hpvswr_i-2015,https://wwwn.cdc.gov/Nchs/Data/Nhanes/Public/2015/DataFiles/HPVSWR_I.htm
nhanes-laboratory-hpvp_h-2013,https://wwwn.cdc.gov/Nchs/Data/Nhanes/Public/2013/DataFiles/HPVP_H.htm
nhanes-laboratory-sshpv_f-2009,https://wwwn.cdc.gov/Nchs/Data/Nhanes/Public/2009/DataFiles/SSHPV_F.htm
nhanes-laboratory-p_ihgem-2017,https://wwwn.cdc.gov/Nchs/Data/Nhanes/Public/2017/DataFiles/P_IHGEM.htm
nhanes-laboratory-ins_h-2013,https://wwwn.cdc.gov/Nchs/Data/Nhanes/Public/2013/DataFiles/INS_H.htm
nhanes-laboratory-ins_i-2015,https://wwwn.cdc.gov/Nchs/Data/Nhanes/Public/2015/DataFiles/INS_I.htm
nhanes-laboratory-ins_j-2017,https://wwwn.cdc.gov/Nchs/Data/Nhanes/Public/2017/DataFiles/INS_J.htm
nhanes-laboratory-p_ins-2017,https://wwwn.cdc.gov/Nchs/Data/Nhanes/Public/2017/DataFiles/P_INS.htm
nhanes-laboratory-ins_l-2021,https://wwwn.cdc.gov/Nchs/Data/Nhanes/Public/2021/DataFiles/INS_L.htm
nhanes-laboratory-uio_e-2007,https://wwwn.cdc.gov/Nchs/Data/Nhanes/Public/2007/DataFiles/UIO_E.htm
nhanes-laboratory-uio_d-2005,https://wwwn.cdc.gov/Nchs/Data/Nhanes/Public/2005/DataFiles/UIO_D.htm
nhanes-laboratory-l06uio_c-2003,https://wwwn.cdc.gov/Nchs/Data/Nhanes/Public/2003/DataFiles/L06UIO_C.htm
nhanes-laboratory-l06uio_b-2001,https://wwwn.cdc.gov/Nchs/Data/Nhanes/Public/2001/DataFiles/L06UIO_B.htm
nhanes-laboratory-uio_f-2009,https://wwwn.cdc.gov/Nchs/Data/Nhanes/Public/2009/DataFiles/UIO_F.htm
nhanes-laboratory-uio_g-2011,https://wwwn.cdc.gov/Nchs/Data/Nhanes/Public/2011/DataFiles/UIO_G.htm
nhanes-laboratory-uio_h-2013,https://wwwn.cdc.gov/Nchs/Data/Nhanes/Public/2013/DataFiles/UIO_H.htm
nhanes-laboratory-uio_i-2015,https://wwwn.cdc.gov/Nchs/Data/Nhanes/Public/2015/DataFiles/UIO_I.htm
nhanes-laboratory-uio_j-2017,https://wwwn.cdc.gov/Nchs/Data/Nhanes/Public/2017/DataFiles/UIO_J.htm
nhanes-laboratory-p_uio-2017,https://wwwn.cdc.gov/Nchs/Data/Nhanes/Public/2017/DataFiles/P_UIO.htm
nhanes-laboratory-fetib_j-2017,https://wwwn.cdc.gov/Nchs/Data/Nhanes/Public/2017/DataFiles/FETIB_J.htm
nhanes-laboratory-p_fetib-2017,https://wwwn.cdc.gov/Nchs/Data/Nhanes/Public/2017/DataFiles/P_FETIB.htm
nhanes-laboratory-fetib_d-2005,https://wwwn.cdc.gov/Nchs/Data/Nhanes/Public/2005/DataFiles/FETIB_D.htm
nhanes-laboratory-l40fe_c-2003,https://wwwn.cdc.gov/Nchs/Data/Nhanes/Public/2003/DataFiles/L40FE_C.htm
nhanes-laboratory-l40fe_b-2001,https://wwwn.cdc.gov/Nchs/Data/Nhanes/Public/2001/DataFiles/L40FE_B.htm
nhanes-laboratory-sskl_e-2007,https://wwwn.cdc.gov/Nchs/Data/Nhanes/Public/2007/DataFiles/SSKL_E.htm
nhanes-laboratory-sskl_f-2009,https://wwwn.cdc.gov/Nchs/Data/Nhanes/Public/2009/DataFiles/SSKL_F.htm
nhanes-laboratory-sskl_g-2011,https://wwwn.cdc.gov/Nchs/Data/Nhanes/Public/2011/DataFiles/SSKL_G.htm
nhanes-laboratory-sskl_h-2013,https://wwwn.cdc.gov/Nchs/Data/Nhanes/Public/2013/DataFiles/SSKL_H.htm
nhanes-laboratory-sskl_i-2015,https://wwwn.cdc.gov/Nchs/Data/Nhanes/Public/2015/DataFiles/SSKL_I.htm
nhanes-laboratory-lab07-1999,https://wwwn.cdc.gov/Nchs/Data/Nhanes/Public/1999/DataFiles/LAB07.htm
nhanes-laboratory-lab20-1999,https://wwwn.cdc.gov/Nchs/Data/Nhanes/Public/1999/DataFiles/LAB20.htm
nhanes-laboratory-l20_c-2003,https://wwwn.cdc.gov/Nchs/Data/Nhanes/Public/2003/DataFiles/L20_C.htm
nhanes-laboratory-l20_b-2001,https://wwwn.cdc.gov/Nchs/Data/Nhanes/Public/2001/DataFiles/L20_B.htm
nhanes-laboratory-pbcd_i-2015,https://wwwn.cdc.gov/Nchs/Data/Nhanes/Public/2015/DataFiles/PBCD_I.htm
nhanes-laboratory-pbcd_j-2017,https://wwwn.cdc.gov/Nchs/Data/Nhanes/Public/2017/DataFiles/PBCD_J.htm
nhanes-laboratory-p_pbcd-2017,https://wwwn.cdc.gov/Nchs/Data/Nhanes/Public/2017/DataFiles/P_PBCD.htm
nhanes-laboratory-pbcd_l-2021,https://wwwn.cdc.gov/Nchs/Data/Nhanes/Public/2021/DataFiles/PBCD_L.htm
nhanes-laboratory-pbcd_h-2013,https://wwwn.cdc.gov/Nchs/Data/Nhanes/Public/2013/DataFiles/PBCD_H.htm
nhanes-laboratory-mmrv_f-2009,https://wwwn.cdc.gov/Nchs/Data/Nhanes/Public/2009/DataFiles/MMRV_F.htm
nhanes-laboratory-p_ssmmrv-2017,https://wwwn.cdc.gov/Nchs/Data/Nhanes/Public/2017/DataFiles/P_SSMMRV.htm
nhanes-laboratory-lab19-1999,https://wwwn.cdc.gov/Nchs/Data/Nhanes/Public/1999/DataFiles/LAB19.htm
nhanes-laboratory-l19_c-2003,https://wwwn.cdc.gov/Nchs/Data/Nhanes/Public/2003/DataFiles/L19_C.htm
nhanes-laboratory-l19_b-2001,https://wwwn.cdc.gov/Nchs/Data/Nhanes/Public/2001/DataFiles/L19_B.htm
nhanes-laboratory-l19_2_b-2001,https://wwwn.cdc.gov/Nchs/Data/Nhanes/Public/2001/DataFiles/L19_2_B.htm
nhanes-laboratory-ssmel_c-2003,https://wwwn.cdc.gov/Nchs/Data/Nhanes/Public/2003/DataFiles/SSMEL_C.htm
nhanes-laboratory-lab22-1999,https://wwwn.cdc.gov/Nchs/Data/Nhanes/Public/1999/DataFiles/LAB22.htm
nhanes-laboratory-ihgem_l-2021,https://wwwn.cdc.gov/Nchs/Data/Nhanes/Public/2021/DataFiles/IHGEM_L.htm
nhanes-laboratory-ihg_d-2005,https://wwwn.cdc.gov/Nchs/Data/Nhanes/Public/2005/DataFiles/IHG_D.htm
nhanes-laboratory-ihg_f-2009,https://wwwn.cdc.gov/Nchs/Data/Nhanes/Public/2009/DataFiles/IHG_F.htm
nhanes-laboratory-ihg_e-2007,https://wwwn.cdc.gov/Nchs/Data/Nhanes/Public/2007/DataFiles/IHG_E.htm
nhanes-laboratory-uhg_e-2007,https://wwwn.cdc.gov/Nchs/Data/Nhanes/Public/2007/DataFiles/UHG_E.htm
nhanes-laboratory-uhg_d-2005,https://wwwn.cdc.gov/Nchs/Data/Nhanes/Public/2005/DataFiles/UHG_D.htm
nhanes-laboratory-l06uhg_c-2003,https://wwwn.cdc.gov/Nchs/Data/Nhanes/Public/2003/DataFiles/L06UHG_C.htm
nhanes-laboratory-uhg_f-2009,https://wwwn.cdc.gov/Nchs/Data/Nhanes/Public/2009/DataFiles/UHG_F.htm
nhanes-laboratory-uhg_g-2011,https://wwwn.cdc.gov/Nchs/Data/Nhanes/Public/2011/DataFiles/UHG_G.htm
nhanes-laboratory-uhg_h-2013,https://wwwn.cdc.gov/Nchs/Data/Nhanes/Public/2013/DataFiles/UHG_H.htm
nhanes-laboratory-uhg_i-2015,https://wwwn.cdc.gov/Nchs/Data/Nhanes/Public/2015/DataFiles/UHG_I.htm
nhanes-laboratory-uhg_j-2017,https://wwwn.cdc.gov/Nchs/Data/Nhanes/Public/2017/DataFiles/UHG_J.htm
nhanes-laboratory-p_uhg-2017,https://wwwn.cdc.gov/Nchs/Data/Nhanes/Public/2017/DataFiles/P_UHG.htm
nhanes-laboratory-ihgem_g-2011,https://wwwn.cdc.gov/Nchs/Data/Nhanes/Public/2011/DataFiles/IHGEM_G.htm
nhanes-laboratory-ihgem_h-2013,https://wwwn.cdc.gov/Nchs/Data/Nhanes/Public/2013/DataFiles/IHGEM_H.htm
nhanes-laboratory-ihgem_i-2015,https://wwwn.cdc.gov/Nchs/Data/Nhanes/Public/2015/DataFiles/IHGEM_I.htm
nhanes-laboratory-ihgem_j-2017,https://wwwn.cdc.gov/Nchs/Data/Nhanes/Public/2017/DataFiles/IHGEM_J.htm
nhanes-laboratory-uhm_e-2007,https://wwwn.cdc.gov/Nchs/Data/Nhanes/Public/2007/DataFiles/UHM_E.htm
nhanes-laboratory-lab06hm-1999,https://wwwn.cdc.gov/Nchs/Data/Nhanes/Public/1999/DataFiles/LAB06HM.htm
nhanes-laboratory-uhm_d-2005,https://wwwn.cdc.gov/Nchs/Data/Nhanes/Public/2005/DataFiles/UHM_D.htm
nhanes-laboratory-l06hm_c-2003,https://wwwn.cdc.gov/Nchs/Data/Nhanes/Public/2003/DataFiles/L06HM_C.htm
nhanes-laboratory-l06hm_b-2001,https://wwwn.cdc.gov/Nchs/Data/Nhanes/Public/2001/DataFiles/L06HM_B.htm
nhanes-laboratory-uhm_f-2009,https://wwwn.cdc.gov/Nchs/Data/Nhanes/Public/2009/DataFiles/UHM_F.htm
nhanes-laboratory-uhm_g-2011,https://wwwn.cdc.gov/Nchs/Data/Nhanes/Public/2011/DataFiles/UHM_G.htm
nhanes-laboratory-um_h-2013,https://wwwn.cdc.gov/Nchs/Data/Nhanes/Public/2013/DataFiles/UM_H.htm
nhanes-laboratory-um_i-2015,https://wwwn.cdc.gov/Nchs/Data/Nhanes/Public/2015/DataFiles/UM_I.htm
nhanes-laboratory-um_j-2017,https://wwwn.cdc.gov/Nchs/Data/Nhanes/Public/2017/DataFiles/UM_J.htm
nhanes-laboratory-p_um-2017,https://wwwn.cdc.gov/Nchs/Data/Nhanes/Public/2017/DataFiles/P_UM.htm
nhanes-laboratory-uhms_g-2011,https://wwwn.cdc.gov/Nchs/Data/Nhanes/Public/2011/DataFiles/UHMS_G.htm
nhanes-laboratory-ums_h-2013,https://wwwn.cdc.gov/Nchs/Data/Nhanes/Public/2013/DataFiles/UMS_H.htm
nhanes-laboratory-ums_i-2015,https://wwwn.cdc.gov/Nchs/Data/Nhanes/Public/2015/DataFiles/UMS_I.htm
nhanes-laboratory-l35_c-2003,https://wwwn.cdc.gov/Nchs/Data/Nhanes/Public/2003/DataFiles/L35_C.htm
nhanes-laboratory-l35_b-2001,https://wwwn.cdc.gov/Nchs/Data/Nhanes/Public/2001/DataFiles/L35_B.htm
nhanes-laboratory-mma_g-2011,https://wwwn.cdc.gov/Nchs/Data/Nhanes/Public/2011/DataFiles/MMA_G.htm
nhanes-laboratory-mma_h-2013,https://wwwn.cdc.gov/Nchs/Data/Nhanes/Public/2013/DataFiles/MMA_H.htm
nhanes-laboratory-l06mh_c-2003,https://wwwn.cdc.gov/Nchs/Data/Nhanes/Public/2003/DataFiles/L06MH_C.htm
nhanes-laboratory-ssmhht_i-2015,https://wwwn.cdc.gov/Nchs/Data/Nhanes/Public/2015/DataFiles/SSMHHT_I.htm
nhanes-laboratory-ssol_a-1999,https://wwwn.cdc.gov/Nchs/Data/Nhanes/Public/1999/DataFiles/SSOL_A.htm
nhanes-laboratory-ssol_c-2003,https://wwwn.cdc.gov/Nchs/Data/Nhanes/Public/2003/DataFiles/SSOL_C.htm
nhanes-laboratory-ssol_b-2001,https://wwwn.cdc.gov/Nchs/Data/Nhanes/Public/2001/DataFiles/SSOL_B.htm
nhanes-laboratory-ssmump_c-2003,https://wwwn.cdc.gov/Nchs/Data/Nhanes/Public/2003/DataFiles/SSMUMP_C.htm
nhanes-laboratory-ssmump_b-2001,https://wwwn.cdc.gov/Nchs/Data/Nhanes/Public/2001/DataFiles/SSMUMP_B.htm
nhanes-laboratory-ssmump_a-1999,https://wwwn.cdc.gov/Nchs/Data/Nhanes/Public/1999/DataFiles/SSMUMP_A.htm
nhanes-laboratory-ssneon_i-2015,https://wwwn.cdc.gov/Nchs/Data/Nhanes/Public/2015/DataFiles/SSNEON_I.htm
nhanes-laboratory-ssneon_j-2017,https://wwwn.cdc.gov/Nchs/Data/Nhanes/Public/2017/DataFiles/SSNEON_J.htm
nhanes-laboratory-uni_j-2017,https://wwwn.cdc.gov/Nchs/Data/Nhanes/Public/2017/DataFiles/UNI_J.htm
nhanes-laboratory-p_uni-2017,https://wwwn.cdc.gov/Nchs/Data/Nhanes/Public/2017/DataFiles/P_UNI.htm
nhanes-laboratory-l28npb_c-2003,https://wwwn.cdc.gov/Nchs/Data/Nhanes/Public/2003/DataFiles/L28NPB_C.htm
nhanes-laboratory-sspcb_b-2001,https://wwwn.cdc.gov/Nchs/Data/Nhanes/Public/2001/DataFiles/SSPCB_B.htm
nhanes-laboratory-pcbpol_d-2005,https://wwwn.cdc.gov/Nchs/Data/Nhanes/Public/2005/DataFiles/PCBPOL_D.htm
nhanes-laboratory-pcbpol_e-2007,https://wwwn.cdc.gov/Nchs/Data/Nhanes/Public/2007/DataFiles/PCBPOL_E.htm
nhanes-laboratory-pcbpol_f-2009,https://wwwn.cdc.gov/Nchs/Data/Nhanes/Public/2009/DataFiles/PCBPOL_F.htm
nhanes-laboratory-pcbpol_g-2011,https://wwwn.cdc.gov/Nchs/Data/Nhanes/Public/2011/DataFiles/PCBPOL_G.htm
nhanes-laboratory-pcbpol_i-2015,https://wwwn.cdc.gov/Nchs/Data/Nhanes/Public/2015/DataFiles/PCBPOL_I.htm
nhanes-laboratory-pcbpol_h-2013,https://wwwn.cdc.gov/Nchs/Data/Nhanes/Public/2013/DataFiles/PCBPOL_H.htm
nhanes-laboratory-ssnoro_a-1999,https://wwwn.cdc.gov/Nchs/Data/Nhanes/Public/1999/DataFiles/SSNORO_A.htm
nhanes-laboratory-ssnoro_c-2003,https://wwwn.cdc.gov/Nchs/Data/Nhanes/Public/2003/DataFiles/SSNORO_C.htm
nhanes-laboratory-ssbnp_a-1999,https://wwwn.cdc.gov/Nchs/Data/Nhanes/Public/1999/DataFiles/SSBNP_A.htm
nhanes-laboratory-ogtt_e-2007,https://wwwn.cdc.gov/Nchs/Data/Nhanes/Public/2007/DataFiles/OGTT_E.htm
nhanes-laboratory-ogtt_d-2005,https://wwwn.cdc.gov/Nchs/Data/Nhanes/Public/2005/DataFiles/OGTT_D.htm
nhanes-laboratory-ogtt_f-2009,https://wwwn.cdc.gov/Nchs/Data/Nhanes/Public/2009/DataFiles/OGTT_F.htm
nhanes-laboratory-ogtt_g-2011,https://wwwn.cdc.gov/Nchs/Data/Nhanes/Public/2011/DataFiles/OGTT_G.htm
nhanes-laboratory-ogtt_h-2013,https://wwwn.cdc.gov/Nchs/Data/Nhanes/Public/2013/DataFiles/OGTT_H.htm
nhanes-laboratory-ogtt_i-2015,https://wwwn.cdc.gov/Nchs/Data/Nhanes/Public/2015/DataFiles/OGTT_I.htm
nhanes-laboratory-opd_d-2005,https://wwwn.cdc.gov/Nchs/Data/Nhanes/Public/2005/DataFiles/OPD_D.htm
nhanes-laboratory-l26opd_c-2003,https://wwwn.cdc.gov/Nchs/Data/Nhanes/Public/2003/DataFiles/L26OPD_C.htm
nhanes-laboratory-opd_e-2007,https://wwwn.cdc.gov/Nchs/Data/Nhanes/Public/2007/DataFiles/OPD_E.htm
nhanes-laboratory-opd_g-2011,https://wwwn.cdc.gov/Nchs/Data/Nhanes/Public/2011/DataFiles/OPD_G.htm
nhanes-laboratory-opd_i-2015,https://wwwn.cdc.gov/Nchs/Data/Nhanes/Public/2015/DataFiles/OPD_I.htm
nhanes-laboratory-opd_j-2017,https://wwwn.cdc.gov/Nchs/Data/Nhanes/Public/2017/DataFiles/OPD_J.htm
nhanes-laboratory-p_opd-2017,https://wwwn.cdc.gov/Nchs/Data/Nhanes/Public/2017/DataFiles/P_OPD.htm
nhanes-laboratory-ucosmo_f-2009,https://wwwn.cdc.gov/Nchs/Data/Nhanes/Public/2009/DataFiles/UCOSMO_F.htm
nhanes-laboratory-ucosmo_g-2011,https://wwwn.cdc.gov/Nchs/Data/Nhanes/Public/2011/DataFiles/UCOSMO_G.htm
nhanes-laboratory-pth_d-2005,https://wwwn.cdc.gov/Nchs/Data/Nhanes/Public/2005/DataFiles/PTH_D.htm
nhanes-laboratory-l04per_c-2003,https://wwwn.cdc.gov/Nchs/Data/Nhanes/Public/2003/DataFiles/L04PER_C.htm
nhanes-laboratory-wpin_d-2005,https://wwwn.cdc.gov/Nchs/Data/Nhanes/Public/2005/DataFiles/WPIN_D.htm
nhanes-laboratory-pernt_d-2005,https://wwwn.cdc.gov/Nchs/Data/Nhanes/Public/2005/DataFiles/PERNT_D.htm
nhanes-laboratory-pernt_e-2007,https://wwwn.cdc.gov/Nchs/Data/Nhanes/Public/2007/DataFiles/PERNT_E.htm
nhanes-laboratory-pernt_g-2011,https://wwwn.cdc.gov/Nchs/Data/Nhanes/Public/2011/DataFiles/PERNT_G.htm
nhanes-laboratory-pernt_f-2009,https://wwwn.cdc.gov/Nchs/Data/Nhanes/Public/2009/DataFiles/PERNT_F.htm
nhanes-laboratory-pernt_h-2013,https://wwwn.cdc.gov/Nchs/Data/Nhanes/Public/2013/DataFiles/PERNT_H.htm
nhanes-laboratory-pernt_i-2015,https://wwwn.cdc.gov/Nchs/Data/Nhanes/Public/2015/DataFiles/PERNT_I.htm
nhanes-laboratory-pernt_j-2017,https://wwwn.cdc.gov/Nchs/Data/Nhanes/Public/2017/DataFiles/PERNT_J.htm
nhanes-laboratory-p_pernt-2017,https://wwwn.cdc.gov/Nchs/Data/Nhanes/Public/2017/DataFiles/P_PERNT.htm
nhanes-laboratory-pernts_g-2011,https://wwwn.cdc.gov/Nchs/Data/Nhanes/Public/2011/DataFiles/PERNTS_G.htm
nhanes-laboratory-pernts_h-2013,https://wwwn.cdc.gov/Nchs/Data/Nhanes/Public/2013/DataFiles/PERNTS_H.htm
nhanes-laboratory-pernts_i-2015,https://wwwn.cdc.gov/Nchs/Data/Nhanes/Public/2015/DataFiles/PERNTS_I.htm
nhanes-laboratory-ssno3p_b-2001,https://wwwn.cdc.gov/Nchs/Data/Nhanes/Public/2001/DataFiles/SSNO3P_B.htm
nhanes-laboratory-pfas_i-2015,https://wwwn.cdc.gov/Nchs/Data/Nhanes/Public/2015/DataFiles/PFAS_I.htm
nhanes-laboratory-sspfsu_h-2013,https://wwwn.cdc.gov/Nchs/Data/Nhanes/Public/2013/DataFiles/SSPFSU_H.htm
nhanes-laboratory-pfas_j-2017,https://wwwn.cdc.gov/Nchs/Data/Nhanes/Public/2017/DataFiles/PFAS_J.htm
nhanes-laboratory-p_pfas-2017,https://wwwn.cdc.gov/Nchs/Data/Nhanes/Public/2017/DataFiles/P_PFAS.htm
nhanes-laboratory-sspfas_h-2013,https://wwwn.cdc.gov/Nchs/Data/Nhanes/Public/2013/DataFiles/SSPFAS_H.htm
nhanes-laboratory-pfas_h-2013,https://wwwn.cdc.gov/Nchs/Data/Nhanes/Public/2013/DataFiles/PFAS_H.htm
nhanes-laboratory-sspfas_j-2017,https://wwwn.cdc.gov/Nchs/Data/Nhanes/Public/2017/DataFiles/SSPFAS_J.htm
nhanes-laboratory-sspfac_h-2013,https://wwwn.cdc.gov/Nchs/Data/Nhanes/Public/2013/DataFiles/SSPFAC_H.htm
nhanes-laboratory-sspfc_a-1999,https://wwwn.cdc.gov/Nchs/Data/Nhanes/Public/1999/DataFiles/SSPFC_A.htm
nhanes-laboratory-ephpp_h-2013,https://wwwn.cdc.gov/Nchs/Data/Nhanes/Public/2013/DataFiles/EPHPP_H.htm
nhanes-laboratory-ephpp_i-2015,https://wwwn.cdc.gov/Nchs/Data/Nhanes/Public/2015/DataFiles/EPHPP_I.htm
nhanes-laboratory-ephpp_j-2017,https://wwwn.cdc.gov/Nchs/Data/Nhanes/Public/2017/DataFiles/EPHPP_J.htm
nhanes-laboratory-sspt_i-2015,https://wwwn.cdc.gov/Nchs/Data/Nhanes/Public/2015/DataFiles/SSPT_I.htm
nhanes-laboratory-carb_d-2005,https://wwwn.cdc.gov/Nchs/Data/Nhanes/Public/2005/DataFiles/CARB_D.htm
nhanes-laboratory-carb_e-2007,https://wwwn.cdc.gov/Nchs/Data/Nhanes/Public/2007/DataFiles/CARB_E.htm
nhanes-laboratory-l26upp_c-2003,https://wwwn.cdc.gov/Nchs/Data/Nhanes/Public/2003/DataFiles/L26UPP_C.htm
nhanes-laboratory-upp_d-2005,https://wwwn.cdc.gov/Nchs/Data/Nhanes/Public/2005/DataFiles/UPP_D.htm
nhanes-laboratory-l26pp_b-2001,https://wwwn.cdc.gov/Nchs/Data/Nhanes/Public/2001/DataFiles/L26PP_B.htm
nhanes-laboratory-upp_e-2007,https://wwwn.cdc.gov/Nchs/Data/Nhanes/Public/2007/DataFiles/UPP_E.htm
nhanes-laboratory-lab26pp-1999,https://wwwn.cdc.gov/Nchs/Data/Nhanes/Public/1999/DataFiles/LAB26PP.htm
nhanes-laboratory-pp_d-2005,https://wwwn.cdc.gov/Nchs/Data/Nhanes/Public/2005/DataFiles/PP_D.htm
nhanes-laboratory-l24pp_c-2003,https://wwwn.cdc.gov/Nchs/Data/Nhanes/Public/2003/DataFiles/L24PP_C.htm
nhanes-laboratory-pp_e-2007,https://wwwn.cdc.gov/Nchs/Data/Nhanes/Public/2007/DataFiles/PP_E.htm
nhanes-laboratory-pp_f-2009,https://wwwn.cdc.gov/Nchs/Data/Nhanes/Public/2009/DataFiles/PP_F.htm
nhanes-laboratory-pp_g-2011,https://wwwn.cdc.gov/Nchs/Data/Nhanes/Public/2011/DataFiles/PP_G.htm
nhanes-laboratory-sspst_b-2001,https://wwwn.cdc.gov/Nchs/Data/Nhanes/Public/2001/DataFiles/SSPST_B.htm
nhanes-laboratory-l28ocp_c-2003,https://wwwn.cdc.gov/Nchs/Data/Nhanes/Public/2003/DataFiles/L28OCP_C.htm
nhanes-laboratory-pstpol_d-2005,https://wwwn.cdc.gov/Nchs/Data/Nhanes/Public/2005/DataFiles/PSTPOL_D.htm
nhanes-laboratory-pstpol_e-2007,https://wwwn.cdc.gov/Nchs/Data/Nhanes/Public/2007/DataFiles/PSTPOL_E.htm
nhanes-laboratory-pstpol_f-2009,https://wwwn.cdc.gov/Nchs/Data/Nhanes/Public/2009/DataFiles/PSTPOL_F.htm
nhanes-laboratory-pstpol_g-2011,https://wwwn.cdc.gov/Nchs/Data/Nhanes/Public/2011/DataFiles/PSTPOL_G.htm
nhanes-laboratory-pstpol_h-2013,https://wwwn.cdc.gov/Nchs/Data/Nhanes/Public/2013/DataFiles/PSTPOL_H.htm
nhanes-laboratory-pstpol_i-2015,https://wwwn.cdc.gov/Nchs/Data/Nhanes/Public/2015/DataFiles/PSTPOL_I.htm
nhanes-laboratory-phthte_d-2005,https://wwwn.cdc.gov/Nchs/Data/Nhanes/Public/2005/DataFiles/PHTHTE_D.htm
nhanes-laboratory-phthte_e-2007,https://wwwn.cdc.gov/Nchs/Data/Nhanes/Public/2007/DataFiles/PHTHTE_E.htm
nhanes-laboratory-l24ph_c-2003,https://wwwn.cdc.gov/Nchs/Data/Nhanes/Public/2003/DataFiles/L24PH_C.htm
nhanes-laboratory-phthte_f-2009,https://wwwn.cdc.gov/Nchs/Data/Nhanes/Public/2009/DataFiles/PHTHTE_F.htm
nhanes-laboratory-phthte_g-2011,https://wwwn.cdc.gov/Nchs/Data/Nhanes/Public/2011/DataFiles/PHTHTE_G.htm
nhanes-laboratory-phthte_h-2013,https://wwwn.cdc.gov/Nchs/Data/Nhanes/Public/2013/DataFiles/PHTHTE_H.htm
nhanes-laboratory-phthte_i-2015,https://wwwn.cdc.gov/Nchs/Data/Nhanes/Public/2015/DataFiles/PHTHTE_I.htm
nhanes-laboratory-phthte_j-2017,https://wwwn.cdc.gov/Nchs/Data/Nhanes/Public/2017/DataFiles/PHTHTE_J.htm
nhanes-laboratory-ssphte_h-2013,https://wwwn.cdc.gov/Nchs/Data/Nhanes/Public/2013/DataFiles/SSPHTE_H.htm
nhanes-laboratory-phpypa_b-2001,https://wwwn.cdc.gov/Nchs/Data/Nhanes/Public/2001/DataFiles/PHPYPA_B.htm
nhanes-laboratory-phpypa-1999,https://wwwn.cdc.gov/Nchs/Data/Nhanes/Public/1999/DataFiles/PHPYPA.htm
nhanes-laboratory-l06phy_c-2003,https://wwwn.cdc.gov/Nchs/Data/Nhanes/Public/2003/DataFiles/L06PHY_C.htm
nhanes-laboratory-phyto_d-2005,https://wwwn.cdc.gov/Nchs/Data/Nhanes/Public/2005/DataFiles/PHYTO_D.htm
nhanes-laboratory-phyto_e-2007,https://wwwn.cdc.gov/Nchs/Data/Nhanes/Public/2007/DataFiles/PHYTO_E.htm
nhanes-laboratory-phyto_f-2009,https://wwwn.cdc.gov/Nchs/Data/Nhanes/Public/2009/DataFiles/PHYTO_F.htm
nhanes-laboratory-glu_h-2013,https://wwwn.cdc.gov/Nchs/Data/Nhanes/Public/2013/DataFiles/GLU_H.htm
nhanes-laboratory-glu_i-2015,https://wwwn.cdc.gov/Nchs/Data/Nhanes/Public/2015/DataFiles/GLU_I.htm
nhanes-laboratory-glu_j-2017,https://wwwn.cdc.gov/Nchs/Data/Nhanes/Public/2017/DataFiles/GLU_J.htm
nhanes-laboratory-p_glu-2017,https://wwwn.cdc.gov/Nchs/Data/Nhanes/Public/2017/DataFiles/P_GLU.htm
nhanes-laboratory-glu_l-2021,https://wwwn.cdc.gov/Nchs/Data/Nhanes/Public/2021/DataFiles/GLU_L.htm
nhanes-laboratory-glu_e-2007,https://wwwn.cdc.gov/Nchs/Data/Nhanes/Public/2007/DataFiles/GLU_E.htm
nhanes-laboratory-glu_d-2005,https://wwwn.cdc.gov/Nchs/Data/Nhanes/Public/2005/DataFiles/GLU_D.htm
nhanes-laboratory-glu_f-2009,https://wwwn.cdc.gov/Nchs/Data/Nhanes/Public/2009/DataFiles/GLU_F.htm
nhanes-laboratory-glu_g-2011,https://wwwn.cdc.gov/Nchs/Data/Nhanes/Public/2011/DataFiles/GLU_G.htm
nhanes-laboratory-lab10am-1999,https://wwwn.cdc.gov/Nchs/Data/Nhanes/Public/1999/DataFiles/LAB10AM.htm
nhanes-laboratory-l10am_c-2003,https://wwwn.cdc.gov/Nchs/Data/Nhanes/Public/2003/DataFiles/L10AM_C.htm
nhanes-laboratory-l10am_b-2001,https://wwwn.cdc.gov/Nchs/Data/Nhanes/Public/2001/DataFiles/L10AM_B.htm
nhanes-laboratory-sspoli_f-2009,https://wwwn.cdc.gov/Nchs/Data/Nhanes/Public/2009/DataFiles/SSPOLI_F.htm
nhanes-laboratory-l31pah_c-2003,https://wwwn.cdc.gov/Nchs/Data/Nhanes/Public/2003/DataFiles/L31PAH_C.htm
nhanes-laboratory-pah_e-2007,https://wwwn.cdc.gov/Nchs/Data/Nhanes/Public/2007/DataFiles/PAH_E.htm
nhanes-laboratory-pah_d-2005,https://wwwn.cdc.gov/Nchs/Data/Nhanes/Public/2005/DataFiles/PAH_D.htm
nhanes-laboratory-pah_g-2011,https://wwwn.cdc.gov/Nchs/Data/Nhanes/Public/2011/DataFiles/PAH_G.htm
nhanes-laboratory-pahs_g-2011,https://wwwn.cdc.gov/Nchs/Data/Nhanes/Public/2011/DataFiles/PAHS_G.htm
nhanes-laboratory-pah_f-2009,https://wwwn.cdc.gov/Nchs/Data/Nhanes/Public/2009/DataFiles/PAH_F.htm
nhanes-laboratory-doxpol_d-2005,https://wwwn.cdc.gov/Nchs/Data/Nhanes/Public/2005/DataFiles/DOXPOL_D.htm
nhanes-laboratory-doxpol_e-2007,https://wwwn.cdc.gov/Nchs/Data/Nhanes/Public/2007/DataFiles/DOXPOL_E.htm
nhanes-laboratory-doxpol_f-2009,https://wwwn.cdc.gov/Nchs/Data/Nhanes/Public/2009/DataFiles/DOXPOL_F.htm
nhanes-laboratory-doxpol_g-2011,https://wwwn.cdc.gov/Nchs/Data/Nhanes/Public/2011/DataFiles/DOXPOL_G.htm
nhanes-laboratory-doxpol_i-2015,https://wwwn.cdc.gov/Nchs/Data/Nhanes/Public/2015/DataFiles/DOXPOL_I.htm
nhanes-laboratory-doxpol_h-2013,https://wwwn.cdc.gov/Nchs/Data/Nhanes/Public/2013/DataFiles/DOXPOL_H.htm
nhanes-laboratory-pah_h-2013,https://wwwn.cdc.gov/Nchs/Data/Nhanes/Public/2013/DataFiles/PAH_H.htm
nhanes-laboratory-pah_i-2015,https://wwwn.cdc.gov/Nchs/Data/Nhanes/Public/2015/DataFiles/PAH_I.htm
nhanes-laboratory-pah_j-2017,https://wwwn.cdc.gov/Nchs/Data/Nhanes/Public/2017/DataFiles/PAH_J.htm
nhanes-laboratory-pahs_i-2015,https://wwwn.cdc.gov/Nchs/Data/Nhanes/Public/2015/DataFiles/PAHS_I.htm
nhanes-laboratory-pfc_e-2007,https://wwwn.cdc.gov/Nchs/Data/Nhanes/Public/2007/DataFiles/PFC_E.htm
nhanes-laboratory-pfc_d-2005,https://wwwn.cdc.gov/Nchs/Data/Nhanes/Public/2005/DataFiles/PFC_D.htm
nhanes-laboratory-l24pfc_c-2003,https://wwwn.cdc.gov/Nchs/Data/Nhanes/Public/2003/DataFiles/L24PFC_C.htm
nhanes-laboratory-pfc_f-2009,https://wwwn.cdc.gov/Nchs/Data/Nhanes/Public/2009/DataFiles/PFC_F.htm
nhanes-laboratory-pfc_g-2011,https://wwwn.cdc.gov/Nchs/Data/Nhanes/Public/2011/DataFiles/PFC_G.htm
nhanes-laboratory-pfc_pool-2001,https://wwwn.cdc.gov/Nchs/Data/Nhanes/Public/2001/DataFiles/PFC_POOL.htm
nhanes-laboratory-pooltf_f-2009,https://wwwn.cdc.gov/Nchs/Data/Nhanes/Public/2009/DataFiles/POOLTF_F.htm
nhanes-laboratory-pooltf_g-2011,https://wwwn.cdc.gov/Nchs/Data/Nhanes/Public/2011/DataFiles/POOLTF_G.htm
nhanes-laboratory-pooltf_h-2013,https://wwwn.cdc.gov/Nchs/Data/Nhanes/Public/2013/DataFiles/POOLTF_H.htm
nhanes-laboratory-pooltf_d-2005,https://wwwn.cdc.gov/Nchs/Data/Nhanes/Public/2005/DataFiles/POOLTF_D.htm
nhanes-laboratory-pooltf_e-2007,https://wwwn.cdc.gov/Nchs/Data/Nhanes/Public/2007/DataFiles/POOLTF_E.htm
nhanes-laboratory-pooltf_i-2015,https://wwwn.cdc.gov/Nchs/Data/Nhanes/Public/2015/DataFiles/POOLTF_I.htm
nhanes-laboratory-ucpreg_e-2007,https://wwwn.cdc.gov/Nchs/Data/Nhanes/Public/2007/DataFiles/UCPREG_E.htm
nhanes-laboratory-uc-1999,https://wwwn.cdc.gov/Nchs/Data/Nhanes/Public/1999/DataFiles/UC.htm
nhanes-laboratory-ucpreg_d-2005,https://wwwn.cdc.gov/Nchs/Data/Nhanes/Public/2005/DataFiles/UCPREG_D.htm
nhanes-laboratory-uc_c-2003,https://wwwn.cdc.gov/Nchs/Data/Nhanes/Public/2003/DataFiles/UC_C.htm
nhanes-laboratory-uc_b-2001,https://wwwn.cdc.gov/Nchs/Data/Nhanes/Public/2001/DataFiles/UC_B.htm
nhanes-laboratory-ucpreg_f-2009,https://wwwn.cdc.gov/Nchs/Data/Nhanes/Public/2009/DataFiles/UCPREG_F.htm
nhanes-laboratory-ucpreg_g-2011,https://wwwn.cdc.gov/Nchs/Data/Nhanes/Public/2011/DataFiles/UCPREG_G.htm
nhanes-laboratory-ucpreg_h-2013,https://wwwn.cdc.gov/Nchs/Data/Nhanes/Public/2013/DataFiles/UCPREG_H.htm
nhanes-laboratory-ucpreg_i-2015,https://wwwn.cdc.gov/Nchs/Data/Nhanes/Public/2015/DataFiles/UCPREG_I.htm
nhanes-laboratory-psa_e-2007,https://wwwn.cdc.gov/Nchs/Data/Nhanes/Public/2007/DataFiles/PSA_E.htm
nhanes-laboratory-psa_d-2005,https://wwwn.cdc.gov/Nchs/Data/Nhanes/Public/2005/DataFiles/PSA_D.htm
nhanes-laboratory-l11psa_c-2003,https://wwwn.cdc.gov/Nchs/Data/Nhanes/Public/2003/DataFiles/L11PSA_C.htm
nhanes-laboratory-l11psa_b-2001,https://wwwn.cdc.gov/Nchs/Data/Nhanes/Public/2001/DataFiles/L11PSA_B.htm
nhanes-laboratory-psa_f-2009,https://wwwn.cdc.gov/Nchs/Data/Nhanes/Public/2009/DataFiles/PSA_F.htm
nhanes-laboratory-l11p_2_b-2001,https://wwwn.cdc.gov/Nchs/Data/Nhanes/Public/2001/DataFiles/L11P_2_B.htm
nhanes-laboratory-uphopm_e-2007,https://wwwn.cdc.gov/Nchs/Data/Nhanes/Public/2007/DataFiles/UPHOPM_E.htm
nhanes-laboratory-uphopm_f-2009,https://wwwn.cdc.gov/Nchs/Data/Nhanes/Public/2009/DataFiles/UPHOPM_F.htm
nhanes-laboratory-uphopm_g-2011,https://wwwn.cdc.gov/Nchs/Data/Nhanes/Public/2011/DataFiles/UPHOPM_G.htm
nhanes-laboratory-uphopm_h-2013,https://wwwn.cdc.gov/Nchs/Data/Nhanes/Public/2013/DataFiles/UPHOPM_H.htm
nhanes-laboratory-uphopm_i-2015,https://wwwn.cdc.gov/Nchs/Data/Nhanes/Public/2015/DataFiles/UPHOPM_I.htm
nhanes-laboratory-uphopm_j-2017,https://wwwn.cdc.gov/Nchs/Data/Nhanes/Public/2017/DataFiles/UPHOPM_J.htm
nhanes-laboratory-sssal_d-2005,https://wwwn.cdc.gov/Nchs/Data/Nhanes/Public/2005/DataFiles/SSSAL_D.htm
nhanes-laboratory-folfms_l-2021,https://wwwn.cdc.gov/Nchs/Data/Nhanes/Public/2021/DataFiles/FOLFMS_L.htm
nhanes-laboratory-sssnfl_h-2013,https://wwwn.cdc.gov/Nchs/Data/Nhanes/Public/2013/DataFiles/SSSNFL_H.htm
nhanes-laboratory-sschl_a-1999,https://wwwn.cdc.gov/Nchs/Data/Nhanes/Public/1999/DataFiles/SSCHL_A.htm
nhanes-laboratory-sschl_b-2001,https://wwwn.cdc.gov/Nchs/Data/Nhanes/Public/2001/DataFiles/SSCHL_B.htm
nhanes-laboratory-sschl_c-2003,https://wwwn.cdc.gov/Nchs/Data/Nhanes/Public/2003/DataFiles/SSCHL_C.htm
nhanes-laboratory-tst_h-2013,https://wwwn.cdc.gov/Nchs/Data/Nhanes/Public/2013/DataFiles/TST_H.htm
nhanes-laboratory-tst_i-2015,https://wwwn.cdc.gov/Nchs/Data/Nhanes/Public/2015/DataFiles/TST_I.htm
nhanes-laboratory-tst_l-2021,https://wwwn.cdc.gov/Nchs/Data/Nhanes/Public/2021/DataFiles/TST_L.htm
nhanes-laboratory-p_tst-2017,https://wwwn.cdc.gov/Nchs/Data/Nhanes/Public/2017/DataFiles/P_TST.htm
nhanes-laboratory-sstst_j-2017,https://wwwn.cdc.gov/Nchs/Data/Nhanes/Public/2017/DataFiles/SSTST_J.htm
nhanes-laboratory-uas_i-2015,https://wwwn.cdc.gov/Nchs/Data/Nhanes/Public/2015/DataFiles/UAS_I.htm
nhanes-laboratory-uass_i-2015,https://wwwn.cdc.gov/Nchs/Data/Nhanes/Public/2015/DataFiles/UASS_I.htm
nhanes-laboratory-biopro_e-2007,https://wwwn.cdc.gov/Nchs/Data/Nhanes/Public/2007/DataFiles/BIOPRO_E.htm
nhanes-laboratory-biopro_d-2005,https://wwwn.cdc.gov/Nchs/Data/Nhanes/Public/2005/DataFiles/BIOPRO_D.htm
nhanes-laboratory-l40_c-2003,https://wwwn.cdc.gov/Nchs/Data/Nhanes/Public/2003/DataFiles/L40_C.htm
nhanes-laboratory-l40_b-2001,https://wwwn.cdc.gov/Nchs/Data/Nhanes/Public/2001/DataFiles/L40_B.htm
nhanes-laboratory-biopro_f-2009,https://wwwn.cdc.gov/Nchs/Data/Nhanes/Public/2009/DataFiles/BIOPRO_F.htm
nhanes-laboratory-biopro_g-2011,https://wwwn.cdc.gov/Nchs/Data/Nhanes/Public/2011/DataFiles/BIOPRO_G.htm
nhanes-laboratory-biopro_h-2013,https://wwwn.cdc.gov/Nchs/Data/Nhanes/Public/2013/DataFiles/BIOPRO_H.htm
nhanes-laboratory-biopro_i-2015,https://wwwn.cdc.gov/Nchs/Data/Nhanes/Public/2015/DataFiles/BIOPRO_I.htm
nhanes-laboratory-biopro_j-2017,https://wwwn.cdc.gov/Nchs/Data/Nhanes/Public/2017/DataFiles/BIOPRO_J.htm
nhanes-laboratory-p_biopro-2017,https://wwwn.cdc.gov/Nchs/Data/Nhanes/Public/2017/DataFiles/P_BIOPRO.htm
nhanes-laboratory-biopro_l-2021,https://wwwn.cdc.gov/Nchs/Data/Nhanes/Public/2021/DataFiles/BIOPRO_L.htm
nhanes-laboratory-lab18-1999,https://wwwn.cdc.gov/Nchs/Data/Nhanes/Public/1999/DataFiles/LAB18.htm
nhanes-laboratory-l40_2_b-2001,https://wwwn.cdc.gov/Nchs/Data/Nhanes/Public/2001/DataFiles/L40_2_B.htm
nhanes-laboratory-l36_c-2003,https://wwwn.cdc.gov/Nchs/Data/Nhanes/Public/2003/DataFiles/L36_C.htm
nhanes-laboratory-l36_b-2001,https://wwwn.cdc.gov/Nchs/Data/Nhanes/Public/2001/DataFiles/L36_B.htm
nhanes-laboratory-telo_a-1999,https://wwwn.cdc.gov/Nchs/Data/Nhanes/Public/1999/DataFiles/TELO_A.htm
nhanes-laboratory-telo_b-2001,https://wwwn.cdc.gov/Nchs/Data/Nhanes/Public/2001/DataFiles/TELO_B.htm
nhanes-laboratory-ssterp_h-2013,https://wwwn.cdc.gov/Nchs/Data/Nhanes/Public/2013/DataFiles/SSTERP_H.htm
nhanes-laboratory-lab18t4-1999,https://wwwn.cdc.gov/Nchs/Data/Nhanes/Public/1999/DataFiles/LAB18T4.htm
nhanes-laboratory-l40t4_b-2001,https://wwwn.cdc.gov/Nchs/Data/Nhanes/Public/2001/DataFiles/L40T4_B.htm
nhanes-laboratory-thyrod_e-2007,https://wwwn.cdc.gov/Nchs/Data/Nhanes/Public/2007/DataFiles/THYROD_E.htm
nhanes-laboratory-thyrod_f-2009,https://wwwn.cdc.gov/Nchs/Data/Nhanes/Public/2009/DataFiles/THYROD_F.htm
nhanes-laboratory-thyrod_g-2011,https://wwwn.cdc.gov/Nchs/Data/Nhanes/Public/2011/DataFiles/THYROD_G.htm
nhanes-laboratory-ssnh4thy-2001,https://wwwn.cdc.gov/Nchs/Data/Nhanes/Public/2001/DataFiles/SSNH4THY.htm
nhanes-laboratory-tgema_f-2009,https://wwwn.cdc.gov/Nchs/Data/Nhanes/Public/2009/DataFiles/TGEMA_F.htm
nhanes-laboratory-tgema_g-2011,https://wwwn.cdc.gov/Nchs/Data/Nhanes/Public/2011/DataFiles/TGEMA_G.htm
nhanes-laboratory-tgema_h-2013,https://wwwn.cdc.gov/Nchs/Data/Nhanes/Public/2013/DataFiles/TGEMA_H.htm
nhanes-laboratory-tsna_h-2013,https://wwwn.cdc.gov/Nchs/Data/Nhanes/Public/2013/DataFiles/TSNA_H.htm
nhanes-laboratory-tst_g-2011,https://wwwn.cdc.gov/Nchs/Data/Nhanes/Public/2011/DataFiles/TST_G.htm
nhanes-laboratory-l17_c-2003,https://wwwn.cdc.gov/Nchs/Data/Nhanes/Public/2003/DataFiles/L17_C.htm
nhanes-laboratory-l17_b-2001,https://wwwn.cdc.gov/Nchs/Data/Nhanes/Public/2001/DataFiles/L17_B.htm
nhanes-laboratory-sstoxo_f-2009,https://wwwn.cdc.gov/Nchs/Data/Nhanes/Public/2009/DataFiles/SSTOXO_F.htm
nhanes-laboratory-sstoxo_g-2011,https://wwwn.cdc.gov/Nchs/Data/Nhanes/Public/2011/DataFiles/SSTOXO_G.htm
nhanes-laboratory-sstoxo_h-2013,https://wwwn.cdc.gov/Nchs/Data/Nhanes/Public/2013/DataFiles/SSTOXO_H.htm
nhanes-laboratory-tfa_f-2009,https://wwwn.cdc.gov/Nchs/Data/Nhanes/Public/2009/DataFiles/TFA_F.htm
nhanes-laboratory-tfa_a-1999,https://wwwn.cdc.gov/Nchs/Data/Nhanes/Public/1999/DataFiles/TFA_A.htm
nhanes-laboratory-tfr_e-2007,https://wwwn.cdc.gov/Nchs/Data/Nhanes/Public/2007/DataFiles/TFR_E.htm
nhanes-laboratory-tfr_d-2005,https://wwwn.cdc.gov/Nchs/Data/Nhanes/Public/2005/DataFiles/TFR_D.htm
nhanes-laboratory-tfr_f-2009,https://wwwn.cdc.gov/Nchs/Data/Nhanes/Public/2009/DataFiles/TFR_F.htm
nhanes-laboratory-tfr_i-2015,https://wwwn.cdc.gov/Nchs/Data/Nhanes/Public/2015/DataFiles/TFR_I.htm
nhanes-laboratory-tfr_j-2017,https://wwwn.cdc.gov/Nchs/Data/Nhanes/Public/2017/DataFiles/TFR_J.htm
nhanes-laboratory-p_tfr-2017,https://wwwn.cdc.gov/Nchs/Data/Nhanes/Public/2017/DataFiles/P_TFR.htm
nhanes-laboratory-tfr_l-2021,https://wwwn.cdc.gov/Nchs/Data/Nhanes/Public/2021/DataFiles/TFR_L.htm
nhanes-laboratory-sstfr_b-2001,https://wwwn.cdc.gov/Nchs/Data/Nhanes/Public/2001/DataFiles/SSTFR_B.htm
nhanes-laboratory-sstfr_a-1999,https://wwwn.cdc.gov/Nchs/Data/Nhanes/Public/1999/DataFiles/SSTFR_A.htm
nhanes-laboratory-trich_h-2013,https://wwwn.cdc.gov/Nchs/Data/Nhanes/Public/2013/DataFiles/TRICH_H.htm
nhanes-laboratory-trich_i-2015,https://wwwn.cdc.gov/Nchs/Data/Nhanes/Public/2015/DataFiles/TRICH_I.htm
nhanes-laboratory-tb_g-2011,https://wwwn.cdc.gov/Nchs/Data/Nhanes/Public/2011/DataFiles/TB_G.htm
nhanes-laboratory-ucflow_f-2009,https://wwwn.cdc.gov/Nchs/Data/Nhanes/Public/2009/DataFiles/UCFLOW_F.htm
nhanes-laboratory-ucflow_g-2011,https://wwwn.cdc.gov/Nchs/Data/Nhanes/Public/2011/DataFiles/UCFLOW_G.htm
nhanes-laboratory-ucflow_h-2013,https://wwwn.cdc.gov/Nchs/Data/Nhanes/Public/2013/DataFiles/UCFLOW_H.htm
nhanes-laboratory-ucflow_i-2015,https://wwwn.cdc.gov/Nchs/Data/Nhanes/Public/2015/DataFiles/UCFLOW_I.htm
nhanes-laboratory-ucflow_j-2017,https://wwwn.cdc.gov/Nchs/Data/Nhanes/Public/2017/DataFiles/UCFLOW_J.htm
nhanes-laboratory-p_ucflow-2017,https://wwwn.cdc.gov/Nchs/Data/Nhanes/Public/2017/DataFiles/P_UCFLOW.htm
nhanes-laboratory-ucpreg_j-2017,https://wwwn.cdc.gov/Nchs/Data/Nhanes/Public/2017/DataFiles/UCPREG_J.htm
nhanes-laboratory-p_ucpreg-2017,https://wwwn.cdc.gov/Nchs/Data/Nhanes/Public/2017/DataFiles/P_UCPREG.htm
nhanes-laboratory-ucpreg_l-2021,https://wwwn.cdc.gov/Nchs/Data/Nhanes/Public/2021/DataFiles/UCPREG_L.htm
nhanes-laboratory-ssusg_e-2007,https://wwwn.cdc.gov/Nchs/Data/Nhanes/Public/2007/DataFiles/SSUSG_E.htm
nhanes-laboratory-ssvari_c-2003,https://wwwn.cdc.gov/Nchs/Data/Nhanes/Public/2003/DataFiles/SSVARI_C.htm
nhanes-laboratory-ssvari_b-2001,https://wwwn.cdc.gov/Nchs/Data/Nhanes/Public/2001/DataFiles/SSVARI_B.htm
nhanes-laboratory-ssvari_a-1999,https://wwwn.cdc.gov/Nchs/Data/Nhanes/Public/1999/DataFiles/SSVARI_A.htm
nhanes-laboratory-vitaec_d-2005,https://wwwn.cdc.gov/Nchs/Data/Nhanes/Public/2005/DataFiles/VITAEC_D.htm
nhanes-laboratory-l45vit_c-2003,https://wwwn.cdc.gov/Nchs/Data/Nhanes/Public/2003/DataFiles/L45VIT_C.htm
nhanes-laboratory-l06vit_b-2001,https://wwwn.cdc.gov/Nchs/Data/Nhanes/Public/2001/DataFiles/L06VIT_B.htm
nhanes-laboratory-vitaec_j-2017,https://wwwn.cdc.gov/Nchs/Data/Nhanes/Public/2017/DataFiles/VITAEC_J.htm
nhanes-laboratory-vit_2_b-2001,https://wwwn.cdc.gov/Nchs/Data/Nhanes/Public/2001/DataFiles/VIT_2_B.htm
nhanes-laboratory-b12_d-2005,https://wwwn.cdc.gov/Nchs/Data/Nhanes/Public/2005/DataFiles/B12_D.htm
nhanes-laboratory-vitb12_g-2011,https://wwwn.cdc.gov/Nchs/Data/Nhanes/Public/2011/DataFiles/VITB12_G.htm
nhanes-laboratory-vitb12_h-2013,https://wwwn.cdc.gov/Nchs/Data/Nhanes/Public/2013/DataFiles/VITB12_H.htm
nhanes-laboratory-vit_b6_d-2005,https://wwwn.cdc.gov/Nchs/Data/Nhanes/Public/2005/DataFiles/VIT_B6_D.htm
nhanes-laboratory-l43_c-2003,https://wwwn.cdc.gov/Nchs/Data/Nhanes/Public/2003/DataFiles/L43_C.htm
nhanes-laboratory-vit_b6_e-2007,https://wwwn.cdc.gov/Nchs/Data/Nhanes/Public/2007/DataFiles/VIT_B6_E.htm
nhanes-laboratory-vit_b6_f-2009,https://wwwn.cdc.gov/Nchs/Data/Nhanes/Public/2009/DataFiles/VIT_B6_F.htm
nhanes-laboratory-l06vit_c-2003,https://wwwn.cdc.gov/Nchs/Data/Nhanes/Public/2003/DataFiles/L06VIT_C.htm
nhanes-laboratory-vic_d-2005,https://wwwn.cdc.gov/Nchs/Data/Nhanes/Public/2005/DataFiles/VIC_D.htm
nhanes-laboratory-vic_j-2017,https://wwwn.cdc.gov/Nchs/Data/Nhanes/Public/2017/DataFiles/VIC_J.htm
nhanes-laboratory-vid_g-2011,https://wwwn.cdc.gov/Nchs/Data/Nhanes/Public/2011/DataFiles/VID_G.htm
nhanes-laboratory-vid_h-2013,https://wwwn.cdc.gov/Nchs/Data/Nhanes/Public/2013/DataFiles/VID_H.htm
nhanes-laboratory-vid_i-2015,https://wwwn.cdc.gov/Nchs/Data/Nhanes/Public/2015/DataFiles/VID_I.htm
nhanes-laboratory-vid_j-2017,https://wwwn.cdc.gov/Nchs/Data/Nhanes/Public/2017/DataFiles/VID_J.htm
nhanes-laboratory-vid_l-2021,https://wwwn.cdc.gov/Nchs/Data/Nhanes/Public/2021/DataFiles/VID_L.htm
nhanes-laboratory-vna_h-2013,https://wwwn.cdc.gov/Nchs/Data/Nhanes/Public/2013/DataFiles/VNA_H.htm
nhanes-laboratory-vnas_h-2013,https://wwwn.cdc.gov/Nchs/Data/Nhanes/Public/2013/DataFiles/VNAS_H.htm
nhanes-laboratory-uvoc_g-2011,https://wwwn.cdc.gov/Nchs/Data/Nhanes/Public/2011/DataFiles/UVOC_G.htm
nhanes-laboratory-uvoc_h-2013,https://wwwn.cdc.gov/Nchs/Data/Nhanes/Public/2013/DataFiles/UVOC_H.htm
nhanes-laboratory-uvoc_i-2015,https://wwwn.cdc.gov/Nchs/Data/Nhanes/Public/2015/DataFiles/UVOC_I.htm
nhanes-laboratory-uvoc_j-2017,https://wwwn.cdc.gov/Nchs/Data/Nhanes/Public/2017/DataFiles/UVOC_J.htm
nhanes-laboratory-p_uvoc-2017,https://wwwn.cdc.gov/Nchs/Data/Nhanes/Public/2017/DataFiles/P_UVOC.htm
nhanes-laboratory-uvocs_g-2011,https://wwwn.cdc.gov/Nchs/Data/Nhanes/Public/2011/DataFiles/UVOCS_G.htm
nhanes-laboratory-uvocs_h-2013,https://wwwn.cdc.gov/Nchs/Data/Nhanes/Public/2013/DataFiles/UVOCS_H.htm
nhanes-laboratory-uvocs_i-2015,https://wwwn.cdc.gov/Nchs/Data/Nhanes/Public/2015/DataFiles/UVOCS_I.htm
nhanes-laboratory-ssuvoc_d-2005,https://wwwn.cdc.gov/Nchs/Data/Nhanes/Public/2005/DataFiles/SSUVOC_D.htm
nhanes-laboratory-p_uvoc2-2017,https://wwwn.cdc.gov/Nchs/Data/Nhanes/Public/2017/DataFiles/P_UVOC2.htm
nhanes-laboratory-ssuvoc_j-2017,https://wwwn.cdc.gov/Nchs/Data/Nhanes/Public/2017/DataFiles/SSUVOC_J.htm
nhanes-laboratory-p_ssuvcm-2017,https://wwwn.cdc.gov/Nchs/Data/Nhanes/Public/2017/DataFiles/P_SSUVCM.htm
nhanes-laboratory-ssuvcm_j-2017,https://wwwn.cdc.gov/Nchs/Data/Nhanes/Public/2017/DataFiles/SSUVCM_J.htm
nhanes-laboratory-vocwb_d-2005,https://wwwn.cdc.gov/Nchs/Data/Nhanes/Public/2005/DataFiles/VOCWB_D.htm
nhanes-laboratory-vocwb_e-2007,https://wwwn.cdc.gov/Nchs/Data/Nhanes/Public/2007/DataFiles/VOCWB_E.htm
nhanes-laboratory-lab04-1999,https://wwwn.cdc.gov/Nchs/Data/Nhanes/Public/1999/DataFiles/LAB04.htm
nhanes-laboratory-l04voc_b-2001,https://wwwn.cdc.gov/Nchs/Data/Nhanes/Public/2001/DataFiles/L04VOC_B.htm
nhanes-laboratory-l04voc_c-2003,https://wwwn.cdc.gov/Nchs/Data/Nhanes/Public/2003/DataFiles/L04VOC_C.htm
nhanes-laboratory-vocmwb_e-2007,https://wwwn.cdc.gov/Nchs/Data/Nhanes/Public/2007/DataFiles/VOCMWB_E.htm
nhanes-laboratory-voc_d-2005,https://wwwn.cdc.gov/Nchs/Data/Nhanes/Public/2005/DataFiles/VOC_D.htm
nhanes-laboratory-voc_e-2007,https://wwwn.cdc.gov/Nchs/Data/Nhanes/Public/2007/DataFiles/VOC_E.htm
nhanes-laboratory-lab21-1999,https://wwwn.cdc.gov/Nchs/Data/Nhanes/Public/1999/DataFiles/LAB21.htm
nhanes-laboratory-vocwb_g-2011,https://wwwn.cdc.gov/Nchs/Data/Nhanes/Public/2011/DataFiles/VOCWB_G.htm
nhanes-laboratory-vocwb_f-2009,https://wwwn.cdc.gov/Nchs/Data/Nhanes/Public/2009/DataFiles/VOCWB_F.htm
nhanes-laboratory-vocmwb_f-2009,https://wwwn.cdc.gov/Nchs/Data/Nhanes/Public/2009/DataFiles/VOCMWB_F.htm
nhanes-laboratory-vocmwb_g-2011,https://wwwn.cdc.gov/Nchs/Data/Nhanes/Public/2011/DataFiles/VOCMWB_G.htm
nhanes-laboratory-voc_f-2009,https://wwwn.cdc.gov/Nchs/Data/Nhanes/Public/2009/DataFiles/VOC_F.htm
nhanes-laboratory-vocwbs_h-2013,https://wwwn.cdc.gov/Nchs/Data/Nhanes/Public/2013/DataFiles/VOCWBS_H.htm
nhanes-laboratory-vocwb_h-2013,https://wwwn.cdc.gov/Nchs/Data/Nhanes/Public/2013/DataFiles/VOCWB_H.htm
nhanes-laboratory-vocwb_i-2015,https://wwwn.cdc.gov/Nchs/Data/Nhanes/Public/2015/DataFiles/VOCWB_I.htm
nhanes-laboratory-vocwb_j-2017,https://wwwn.cdc.gov/Nchs/Data/Nhanes/Public/2017/DataFiles/VOCWB_J.htm
nhanes-laboratory-p_vocwb-2017,https://wwwn.cdc.gov/Nchs/Data/Nhanes/Public/2017/DataFiles/P_VOCWB.htm
nhanes-laboratory-vocwb_l-2021,https://wwwn.cdc.gov/Nchs/Data/Nhanes/Public/2021/DataFiles/VOCWB_L.htm
nhanes-laboratory-vocwbs_i-2015,https://wwwn.cdc.gov/Nchs/Data/Nhanes/Public/2015/DataFiles/VOCWBS_I.htm
nhanes-questionnaire-auq_l-2021,https://wwwn.cdc.gov/Nchs/Data/Nhanes/Public/2021/DataFiles/AUQ_L.htm
nhanes-questionnaire-acq_d-2005,https://wwwn.cdc.gov/Nchs/Data/Nhanes/Public/2005/DataFiles/ACQ_D.htm
nhanes-questionnaire-acq_e-2007,https://wwwn.cdc.gov/Nchs/Data/Nhanes/Public/2007/DataFiles/ACQ_E.htm
nhanes-questionnaire-acq-1999,https://wwwn.cdc.gov/Nchs/Data/Nhanes/Public/1999/DataFiles/ACQ.htm
nhanes-questionnaire-acq_c-2003,https://wwwn.cdc.gov/Nchs/Data/Nhanes/Public/2003/DataFiles/ACQ_C.htm
nhanes-questionnaire-acq_b-2001,https://wwwn.cdc.gov/Nchs/Data/Nhanes/Public/2001/DataFiles/ACQ_B.htm
nhanes-questionnaire-acq_f-2009,https://wwwn.cdc.gov/Nchs/Data/Nhanes/Public/2009/DataFiles/ACQ_F.htm
nhanes-questionnaire-acq_g-2011,https://wwwn.cdc.gov/Nchs/Data/Nhanes/Public/2011/DataFiles/ACQ_G.htm
nhanes-questionnaire-acq_h-2013,https://wwwn.cdc.gov/Nchs/Data/Nhanes/Public/2013/DataFiles/ACQ_H.htm
nhanes-questionnaire-acq_i-2015,https://wwwn.cdc.gov/Nchs/Data/Nhanes/Public/2015/DataFiles/ACQ_I.htm
nhanes-questionnaire-acq_j-2017,https://wwwn.cdc.gov/Nchs/Data/Nhanes/Public/2017/DataFiles/ACQ_J.htm
nhanes-questionnaire-p_acq-2017,https://wwwn.cdc.gov/Nchs/Data/Nhanes/Public/2017/DataFiles/P_ACQ.htm
nhanes-questionnaire-acq_l-2021,https://wwwn.cdc.gov/Nchs/Data/Nhanes/Public/2021/DataFiles/ACQ_L.htm
nhanes-questionnaire-aqq_e-2007,https://wwwn.cdc.gov/Nchs/Data/Nhanes/Public/2007/DataFiles/AQQ_E.htm
nhanes-questionnaire-aqq_f-2009,https://wwwn.cdc.gov/Nchs/Data/Nhanes/Public/2009/DataFiles/AQQ_F.htm
nhanes-questionnaire-alq_d-2005,https://wwwn.cdc.gov/Nchs/Data/Nhanes/Public/2005/DataFiles/ALQ_D.htm
nhanes-questionnaire-alq_e-2007,https://wwwn.cdc.gov/Nchs/Data/Nhanes/Public/2007/DataFiles/ALQ_E.htm
nhanes-questionnaire-alq-1999,https://wwwn.cdc.gov/Nchs/Data/Nhanes/Public/1999/DataFiles/ALQ.htm
nhanes-questionnaire-alq_c-2003,https://wwwn.cdc.gov/Nchs/Data/Nhanes/Public/2003/DataFiles/ALQ_C.htm
nhanes-questionnaire-alq_b-2001,https://wwwn.cdc.gov/Nchs/Data/Nhanes/Public/2001/DataFiles/ALQ_B.htm
nhanes-questionnaire-alq_f-2009,https://wwwn.cdc.gov/Nchs/Data/Nhanes/Public/2009/DataFiles/ALQ_F.htm
nhanes-questionnaire-alq_g-2011,https://wwwn.cdc.gov/Nchs/Data/Nhanes/Public/2011/DataFiles/ALQ_G.htm
nhanes-questionnaire-alq_h-2013,https://wwwn.cdc.gov/Nchs/Data/Nhanes/Public/2013/DataFiles/ALQ_H.htm
nhanes-questionnaire-alq_i-2015,https://wwwn.cdc.gov/Nchs/Data/Nhanes/Public/2015/DataFiles/ALQ_I.htm
nhanes-questionnaire-alq_j-2017,https://wwwn.cdc.gov/Nchs/Data/Nhanes/Public/2017/DataFiles/ALQ_J.htm
nhanes-questionnaire-p_alq-2017,https://wwwn.cdc.gov/Nchs/Data/Nhanes/Public/2017/DataFiles/P_ALQ.htm
nhanes-questionnaire-alq_l-2021,https://wwwn.cdc.gov/Nchs/Data/Nhanes/Public/2021/DataFiles/ALQ_L.htm
nhanes-questionnaire-alqy_f-2009,https://wwwn.cdc.gov/Nchs/Data/Nhanes/Public/2009/DataFiles/ALQY_F.htm
nhanes-questionnaire-agq_d-2005,https://wwwn.cdc.gov/Nchs/Data/Nhanes/Public/2005/DataFiles/AGQ_D.htm
nhanes-questionnaire-rxq_ana-1999,https://wwwn.cdc.gov/Nchs/Data/Nhanes/Public/1999/DataFiles/RXQ_ANA.htm
nhanes-questionnaire-rxqana_c-2003,https://wwwn.cdc.gov/Nchs/Data/Nhanes/Public/2003/DataFiles/RXQANA_C.htm
nhanes-questionnaire-rxqana_b-2001,https://wwwn.cdc.gov/Nchs/Data/Nhanes/Public/2001/DataFiles/RXQANA_B.htm
nhanes-questionnaire-arq_f-2009,https://wwwn.cdc.gov/Nchs/Data/Nhanes/Public/2009/DataFiles/ARQ_F.htm
nhanes-questionnaire-auq_e-2007,https://wwwn.cdc.gov/Nchs/Data/Nhanes/Public/2007/DataFiles/AUQ_E.htm
nhanes-questionnaire-auq-1999,https://wwwn.cdc.gov/Nchs/Data/Nhanes/Public/1999/DataFiles/AUQ.htm
nhanes-questionnaire-auq_d-2005,https://wwwn.cdc.gov/Nchs/Data/Nhanes/Public/2005/DataFiles/AUQ_D.htm
nhanes-questionnaire-auq_c-2003,https://wwwn.cdc.gov/Nchs/Data/Nhanes/Public/2003/DataFiles/AUQ_C.htm
nhanes-questionnaire-auq_b-2001,https://wwwn.cdc.gov/Nchs/Data/Nhanes/Public/2001/DataFiles/AUQ_B.htm
nhanes-questionnaire-auq_f-2009,https://wwwn.cdc.gov/Nchs/Data/Nhanes/Public/2009/DataFiles/AUQ_F.htm
nhanes-questionnaire-auq_g-2011,https://wwwn.cdc.gov/Nchs/Data/Nhanes/Public/2011/DataFiles/AUQ_G.htm
nhanes-questionnaire-auq_i-2015,https://wwwn.cdc.gov/Nchs/Data/Nhanes/Public/2015/DataFiles/AUQ_I.htm
nhanes-questionnaire-auq_j-2017,https://wwwn.cdc.gov/Nchs/Data/Nhanes/Public/2017/DataFiles/AUQ_J.htm
nhanes-questionnaire-p_auq-2017,https://wwwn.cdc.gov/Nchs/Data/Nhanes/Public/2017/DataFiles/P_AUQ.htm
nhanes-questionnaire-baq-1999,https://wwwn.cdc.gov/Nchs/Data/Nhanes/Public/1999/DataFiles/BAQ.htm
nhanes-questionnaire-baq_c-2003,https://wwwn.cdc.gov/Nchs/Data/Nhanes/Public/2003/DataFiles/BAQ_C.htm
nhanes-questionnaire-baq_b-2001,https://wwwn.cdc.gov/Nchs/Data/Nhanes/Public/2001/DataFiles/BAQ_B.htm
nhanes-questionnaire-baq_l-2021,https://wwwn.cdc.gov/Nchs/Data/Nhanes/Public/2021/DataFiles/BAQ_L.htm
nhanes-questionnaire-bpq_d-2005,https://wwwn.cdc.gov/Nchs/Data/Nhanes/Public/2005/DataFiles/BPQ_D.htm
nhanes-questionnaire-bpq_e-2007,https://wwwn.cdc.gov/Nchs/Data/Nhanes/Public/2007/DataFiles/BPQ_E.htm
nhanes-questionnaire-bpq-1999,https://wwwn.cdc.gov/Nchs/Data/Nhanes/Public/1999/DataFiles/BPQ.htm
nhanes-questionnaire-bpq_c-2003,https://wwwn.cdc.gov/Nchs/Data/Nhanes/Public/2003/DataFiles/BPQ_C.htm
nhanes-questionnaire-bpq_b-2001,https://wwwn.cdc.gov/Nchs/Data/Nhanes/Public/2001/DataFiles/BPQ_B.htm
nhanes-questionnaire-bpq_f-2009,https://wwwn.cdc.gov/Nchs/Data/Nhanes/Public/2009/DataFiles/BPQ_F.htm
nhanes-questionnaire-bpq_g-2011,https://wwwn.cdc.gov/Nchs/Data/Nhanes/Public/2011/DataFiles/BPQ_G.htm
nhanes-questionnaire-bpq_h-2013,https://wwwn.cdc.gov/Nchs/Data/Nhanes/Public/2013/DataFiles/BPQ_H.htm
nhanes-questionnaire-bpq_i-2015,https://wwwn.cdc.gov/Nchs/Data/Nhanes/Public/2015/DataFiles/BPQ_I.htm
nhanes-questionnaire-bpq_j-2017,https://wwwn.cdc.gov/Nchs/Data/Nhanes/Public/2017/DataFiles/BPQ_J.htm
nhanes-questionnaire-p_bpq-2017,https://wwwn.cdc.gov/Nchs/Data/Nhanes/Public/2017/DataFiles/P_BPQ.htm
nhanes-questionnaire-bpq_l-2021,https://wwwn.cdc.gov/Nchs/Data/Nhanes/Public/2021/DataFiles/BPQ_L.htm
nhanes-questionnaire-bhq_d-2005,https://wwwn.cdc.gov/Nchs/Data/Nhanes/Public/2005/DataFiles/BHQ_D.htm
nhanes-questionnaire-bhq_e-2007,https://wwwn.cdc.gov/Nchs/Data/Nhanes/Public/2007/DataFiles/BHQ_E.htm
nhanes-questionnaire-bhq_f-2009,https://wwwn.cdc.gov/Nchs/Data/Nhanes/Public/2009/DataFiles/BHQ_F.htm
nhanes-questionnaire-cdq_d-2005,https://wwwn.cdc.gov/Nchs/Data/Nhanes/Public/2005/DataFiles/CDQ_D.htm
nhanes-questionnaire-cdq_e-2007,https://wwwn.cdc.gov/Nchs/Data/Nhanes/Public/2007/DataFiles/CDQ_E.htm
nhanes-questionnaire-cdq-1999,https://wwwn.cdc.gov/Nchs/Data/Nhanes/Public/1999/DataFiles/CDQ.htm
nhanes-questionnaire-cdq_c-2003,https://wwwn.cdc.gov/Nchs/Data/Nhanes/Public/2003/DataFiles/CDQ_C.htm
nhanes-questionnaire-cdq_b-2001,https://wwwn.cdc.gov/Nchs/Data/Nhanes/Public/2001/DataFiles/CDQ_B.htm
nhanes-questionnaire-cdq_f-2009,https://wwwn.cdc.gov/Nchs/Data/Nhanes/Public/2009/DataFiles/CDQ_F.htm
nhanes-questionnaire-cdq_g-2011,https://wwwn.cdc.gov/Nchs/Data/Nhanes/Public/2011/DataFiles/CDQ_G.htm
nhanes-questionnaire-cdq_h-2013,https://wwwn.cdc.gov/Nchs/Data/Nhanes/Public/2013/DataFiles/CDQ_H.htm
nhanes-questionnaire-cdq_i-2015,https://wwwn.cdc.gov/Nchs/Data/Nhanes/Public/2015/DataFiles/CDQ_I.htm
nhanes-questionnaire-cdq_j-2017,https://wwwn.cdc.gov/Nchs/Data/Nhanes/Public/2017/DataFiles/CDQ_J.htm
nhanes-questionnaire-p_cdq-2017,https://wwwn.cdc.gov/Nchs/Data/Nhanes/Public/2017/DataFiles/P_CDQ.htm
nhanes-questionnaire-cfq-1999,https://wwwn.cdc.gov/Nchs/Data/Nhanes/Public/1999/DataFiles/CFQ.htm
nhanes-questionnaire-cfq_b-2001,https://wwwn.cdc.gov/Nchs/Data/Nhanes/Public/2001/DataFiles/CFQ_B.htm
nhanes-questionnaire-cfq_g-2011,https://wwwn.cdc.gov/Nchs/Data/Nhanes/Public/2011/DataFiles/CFQ_G.htm
nhanes-questionnaire-cfq_h-2013,https://wwwn.cdc.gov/Nchs/Data/Nhanes/Public/2013/DataFiles/CFQ_H.htm
nhanes-questionnaire-cbq_e-2007,https://wwwn.cdc.gov/Nchs/Data/Nhanes/Public/2007/DataFiles/CBQ_E.htm
nhanes-questionnaire-cbq_f-2009,https://wwwn.cdc.gov/Nchs/Data/Nhanes/Public/2009/DataFiles/CBQ_F.htm
nhanes-questionnaire-cbq_g-2011,https://wwwn.cdc.gov/Nchs/Data/Nhanes/Public/2011/DataFiles/CBQ_G.htm
nhanes-questionnaire-cbq_h-2013,https://wwwn.cdc.gov/Nchs/Data/Nhanes/Public/2013/DataFiles/CBQ_H.htm
nhanes-questionnaire-cbq_i-2015,https://wwwn.cdc.gov/Nchs/Data/Nhanes/Public/2015/DataFiles/CBQ_I.htm
nhanes-questionnaire-cbq_j-2017,https://wwwn.cdc.gov/Nchs/Data/Nhanes/Public/2017/DataFiles/CBQ_J.htm
nhanes-questionnaire-cbqpfa_e-2007,https://wwwn.cdc.gov/Nchs/Data/Nhanes/Public/2007/DataFiles/CBQPFA_E.htm
nhanes-questionnaire-cbqpfa_f-2009,https://wwwn.cdc.gov/Nchs/Data/Nhanes/Public/2009/DataFiles/CBQPFA_F.htm
nhanes-questionnaire-cbqpfa_j-2017,https://wwwn.cdc.gov/Nchs/Data/Nhanes/Public/2017/DataFiles/CBQPFA_J.htm
nhanes-questionnaire-p_cbqpfa-2017,https://wwwn.cdc.gov/Nchs/Data/Nhanes/Public/2017/DataFiles/P_CBQPFA.htm
nhanes-questionnaire-cbqpfc_e-2007,https://wwwn.cdc.gov/Nchs/Data/Nhanes/Public/2007/DataFiles/CBQPFC_E.htm
nhanes-questionnaire-cbqpfc_f-2009,https://wwwn.cdc.gov/Nchs/Data/Nhanes/Public/2009/DataFiles/CBQPFC_F.htm
nhanes-questionnaire-cbqpfc_j-2017,https://wwwn.cdc.gov/Nchs/Data/Nhanes/Public/2017/DataFiles/CBQPFC_J.htm
nhanes-questionnaire-p_cbqpfc-2017,https://wwwn.cdc.gov/Nchs/Data/Nhanes/Public/2017/DataFiles/P_CBQPFC.htm
nhanes-questionnaire-ckq_g-2011,https://wwwn.cdc.gov/Nchs/Data/Nhanes/Public/2011/DataFiles/CKQ_G.htm
nhanes-questionnaire-ckq_h-2013,https://wwwn.cdc.gov/Nchs/Data/Nhanes/Public/2013/DataFiles/CKQ_H.htm
nhanes-questionnaire-hsq_d-2005,https://wwwn.cdc.gov/Nchs/Data/Nhanes/Public/2005/DataFiles/HSQ_D.htm
nhanes-questionnaire-hsq_e-2007,https://wwwn.cdc.gov/Nchs/Data/Nhanes/Public/2007/DataFiles/HSQ_E.htm
nhanes-questionnaire-hsq-1999,https://wwwn.cdc.gov/Nchs/Data/Nhanes/Public/1999/DataFiles/HSQ.htm
nhanes-questionnaire-hsq_c-2003,https://wwwn.cdc.gov/Nchs/Data/Nhanes/Public/2003/DataFiles/HSQ_C.htm
nhanes-questionnaire-hsq_b-2001,https://wwwn.cdc.gov/Nchs/Data/Nhanes/Public/2001/DataFiles/HSQ_B.htm
nhanes-questionnaire-hsq_f-2009,https://wwwn.cdc.gov/Nchs/Data/Nhanes/Public/2009/DataFiles/HSQ_F.htm
nhanes-questionnaire-hsq_g-2011,https://wwwn.cdc.gov/Nchs/Data/Nhanes/Public/2011/DataFiles/HSQ_G.htm
nhanes-questionnaire-hsq_h-2013,https://wwwn.cdc.gov/Nchs/Data/Nhanes/Public/2013/DataFiles/HSQ_H.htm
nhanes-questionnaire-hsq_i-2015,https://wwwn.cdc.gov/Nchs/Data/Nhanes/Public/2015/DataFiles/HSQ_I.htm
nhanes-questionnaire-hsq_j-2017,https://wwwn.cdc.gov/Nchs/Data/Nhanes/Public/2017/DataFiles/HSQ_J.htm
nhanes-questionnaire-p_hsq-2017,https://wwwn.cdc.gov/Nchs/Data/Nhanes/Public/2017/DataFiles/P_HSQ.htm
nhanes-questionnaire-hsq_l-2021,https://wwwn.cdc.gov/Nchs/Data/Nhanes/Public/2021/DataFiles/HSQ_L.htm
nhanes-questionnaire-deq_d-2005,https://wwwn.cdc.gov/Nchs/Data/Nhanes/Public/2005/DataFiles/DEQ_D.htm
nhanes-questionnaire-deq-1999,https://wwwn.cdc.gov/Nchs/Data/Nhanes/Public/1999/DataFiles/DEQ.htm
nhanes-questionnaire-deq_c-2003,https://wwwn.cdc.gov/Nchs/Data/Nhanes/Public/2003/DataFiles/DEQ_C.htm
nhanes-questionnaire-deq_b-2001,https://wwwn.cdc.gov/Nchs/Data/Nhanes/Public/2001/DataFiles/DEQ_B.htm
nhanes-questionnaire-deq_f-2009,https://wwwn.cdc.gov/Nchs/Data/Nhanes/Public/2009/DataFiles/DEQ_F.htm
nhanes-questionnaire-deq_h-2013,https://wwwn.cdc.gov/Nchs/Data/Nhanes/Public/2013/DataFiles/DEQ_H.htm
nhanes-questionnaire-deq_g-2011,https://wwwn.cdc.gov/Nchs/Data/Nhanes/Public/2011/DataFiles/DEQ_G.htm
nhanes-questionnaire-deq_i-2015,https://wwwn.cdc.gov/Nchs/Data/Nhanes/Public/2015/DataFiles/DEQ_I.htm
nhanes-questionnaire-deq_j-2017,https://wwwn.cdc.gov/Nchs/Data/Nhanes/Public/2017/DataFiles/DEQ_J.htm
nhanes-questionnaire-p_deq-2017,https://wwwn.cdc.gov/Nchs/Data/Nhanes/Public/2017/DataFiles/P_DEQ.htm
nhanes-questionnaire-deq_l-2021,https://wwwn.cdc.gov/Nchs/Data/Nhanes/Public/2021/DataFiles/DEQ_L.htm
nhanes-questionnaire-diq_e-2007,https://wwwn.cdc.gov/Nchs/Data/Nhanes/Public/2007/DataFiles/DIQ_E.htm
nhanes-questionnaire-diq-1999,https://wwwn.cdc.gov/Nchs/Data/Nhanes/Public/1999/DataFiles/DIQ.htm
nhanes-questionnaire-diq_d-2005,https://wwwn.cdc.gov/Nchs/Data/Nhanes/Public/2005/DataFiles/DIQ_D.htm
nhanes-questionnaire-diq_c-2003,https://wwwn.cdc.gov/Nchs/Data/Nhanes/Public/2003/DataFiles/DIQ_C.htm
nhanes-questionnaire-diq_b-2001,https://wwwn.cdc.gov/Nchs/Data/Nhanes/Public/2001/DataFiles/DIQ_B.htm
nhanes-questionnaire-diq_f-2009,https://wwwn.cdc.gov/Nchs/Data/Nhanes/Public/2009/DataFiles/DIQ_F.htm
nhanes-questionnaire-diq_g-2011,https://wwwn.cdc.gov/Nchs/Data/Nhanes/Public/2011/DataFiles/DIQ_G.htm
nhanes-questionnaire-diq_h-2013,https://wwwn.cdc.gov/Nchs/Data/Nhanes/Public/2013/DataFiles/DIQ_H.htm
nhanes-questionnaire-diq_i-2015,https://wwwn.cdc.gov/Nchs/Data/Nhanes/Public/2015/DataFiles/DIQ_I.htm
nhanes-questionnaire-diq_j-2017,https://wwwn.cdc.gov/Nchs/Data/Nhanes/Public/2017/DataFiles/DIQ_J.htm
nhanes-questionnaire-p_diq-2017,https://wwwn.cdc.gov/Nchs/Data/Nhanes/Public/2017/DataFiles/P_DIQ.htm
nhanes-questionnaire-diq_l-2021,https://wwwn.cdc.gov/Nchs/Data/Nhanes/Public/2021/DataFiles/DIQ_L.htm
nhanes-questionnaire-dbq_d-2005,https://wwwn.cdc.gov/Nchs/Data/Nhanes/Public/2005/DataFiles/DBQ_D.htm
nhanes-questionnaire-dbq-1999,https://wwwn.cdc.gov/Nchs/Data/Nhanes/Public/1999/DataFiles/DBQ.htm
nhanes-questionnaire-dbq_e-2007,https://wwwn.cdc.gov/Nchs/Data/Nhanes/Public/2007/DataFiles/DBQ_E.htm
nhanes-questionnaire-dbq_c-2003,https://wwwn.cdc.gov/Nchs/Data/Nhanes/Public/2003/DataFiles/DBQ_C.htm
nhanes-questionnaire-dbq_b-2001,https://wwwn.cdc.gov/Nchs/Data/Nhanes/Public/2001/DataFiles/DBQ_B.htm
nhanes-questionnaire-dbq_f-2009,https://wwwn.cdc.gov/Nchs/Data/Nhanes/Public/2009/DataFiles/DBQ_F.htm
nhanes-questionnaire-dbq_g-2011,https://wwwn.cdc.gov/Nchs/Data/Nhanes/Public/2011/DataFiles/DBQ_G.htm
nhanes-questionnaire-dbq_h-2013,https://wwwn.cdc.gov/Nchs/Data/Nhanes/Public/2013/DataFiles/DBQ_H.htm
nhanes-questionnaire-dbq_i-2015,https://wwwn.cdc.gov/Nchs/Data/Nhanes/Public/2015/DataFiles/DBQ_I.htm
nhanes-questionnaire-dbq_j-2017,https://wwwn.cdc.gov/Nchs/Data/Nhanes/Public/2017/DataFiles/DBQ_J.htm
nhanes-questionnaire-p_dbq-2017,https://wwwn.cdc.gov/Nchs/Data/Nhanes/Public/2017/DataFiles/P_DBQ.htm
nhanes-questionnaire-dbq_l-2021,https://wwwn.cdc.gov/Nchs/Data/Nhanes/Public/2021/DataFiles/DBQ_L.htm
nhanes-questionnaire-dlq_h-2013,https://wwwn.cdc.gov/Nchs/Data/Nhanes/Public/2013/DataFiles/DLQ_H.htm
nhanes-questionnaire-dlq_i-2015,https://wwwn.cdc.gov/Nchs/Data/Nhanes/Public/2015/DataFiles/DLQ_I.htm
nhanes-questionnaire-dlq_j-2017,https://wwwn.cdc.gov/Nchs/Data/Nhanes/Public/2017/DataFiles/DLQ_J.htm
nhanes-questionnaire-duq_e-2007,https://wwwn.cdc.gov/Nchs/Data/Nhanes/Public/2007/DataFiles/DUQ_E.htm
nhanes-questionnaire-duq-1999,https://wwwn.cdc.gov/Nchs/Data/Nhanes/Public/1999/DataFiles/DUQ.htm
nhanes-questionnaire-duq_d-2005,https://wwwn.cdc.gov/Nchs/Data/Nhanes/Public/2005/DataFiles/DUQ_D.htm
nhanes-questionnaire-duq_c-2003,https://wwwn.cdc.gov/Nchs/Data/Nhanes/Public/2003/DataFiles/DUQ_C.htm
nhanes-questionnaire-duq_b-2001,https://wwwn.cdc.gov/Nchs/Data/Nhanes/Public/2001/DataFiles/DUQ_B.htm
nhanes-questionnaire-duq_f-2009,https://wwwn.cdc.gov/Nchs/Data/Nhanes/Public/2009/DataFiles/DUQ_F.htm
nhanes-questionnaire-duq_g-2011,https://wwwn.cdc.gov/Nchs/Data/Nhanes/Public/2011/DataFiles/DUQ_G.htm
nhanes-questionnaire-duq_h-2013,https://wwwn.cdc.gov/Nchs/Data/Nhanes/Public/2013/DataFiles/DUQ_H.htm
nhanes-questionnaire-duq_i-2015,https://wwwn.cdc.gov/Nchs/Data/Nhanes/Public/2015/DataFiles/DUQ_I.htm
nhanes-questionnaire-duq_j-2017,https://wwwn.cdc.gov/Nchs/Data/Nhanes/Public/2017/DataFiles/DUQ_J.htm
nhanes-questionnaire-ecq_e-2007,https://wwwn.cdc.gov/Nchs/Data/Nhanes/Public/2007/DataFiles/ECQ_E.htm
nhanes-questionnaire-ecq-1999,https://wwwn.cdc.gov/Nchs/Data/Nhanes/Public/1999/DataFiles/ECQ.htm
nhanes-questionnaire-ecq_d-2005,https://wwwn.cdc.gov/Nchs/Data/Nhanes/Public/2005/DataFiles/ECQ_D.htm
nhanes-questionnaire-ecq_c-2003,https://wwwn.cdc.gov/Nchs/Data/Nhanes/Public/2003/DataFiles/ECQ_C.htm
nhanes-questionnaire-ecq_b-2001,https://wwwn.cdc.gov/Nchs/Data/Nhanes/Public/2001/DataFiles/ECQ_B.htm
nhanes-questionnaire-ecq_f-2009,https://wwwn.cdc.gov/Nchs/Data/Nhanes/Public/2009/DataFiles/ECQ_F.htm
nhanes-questionnaire-ecq_g-2011,https://wwwn.cdc.gov/Nchs/Data/Nhanes/Public/2011/DataFiles/ECQ_G.htm
nhanes-questionnaire-ecq_h-2013,https://wwwn.cdc.gov/Nchs/Data/Nhanes/Public/2013/DataFiles/ECQ_H.htm
nhanes-questionnaire-ecq_i-2015,https://wwwn.cdc.gov/Nchs/Data/Nhanes/Public/2015/DataFiles/ECQ_I.htm
nhanes-questionnaire-ecq_j-2017,https://wwwn.cdc.gov/Nchs/Data/Nhanes/Public/2017/DataFiles/ECQ_J.htm
nhanes-questionnaire-p_ecq-2017,https://wwwn.cdc.gov/Nchs/Data/Nhanes/Public/2017/DataFiles/P_ECQ.htm
nhanes-questionnaire-ecq_l-2021,https://wwwn.cdc.gov/Nchs/Data/Nhanes/Public/2021/DataFiles/ECQ_L.htm
nhanes-questionnaire-fsq-1999,https://wwwn.cdc.gov/Nchs/Data/Nhanes/Public/1999/DataFiles/FSQ.htm
nhanes-questionnaire-fsq_e-2007,https://wwwn.cdc.gov/Nchs/Data/Nhanes/Public/2007/DataFiles/FSQ_E.htm
nhanes-questionnaire-fsq_d-2005,https://wwwn.cdc.gov/Nchs/Data/Nhanes/Public/2005/DataFiles/FSQ_D.htm
nhanes-questionnaire-fsq_c-2003,https://wwwn.cdc.gov/Nchs/Data/Nhanes/Public/2003/DataFiles/FSQ_C.htm
nhanes-questionnaire-fsq_b-2001,https://wwwn.cdc.gov/Nchs/Data/Nhanes/Public/2001/DataFiles/FSQ_B.htm
nhanes-questionnaire-fsq_f-2009,https://wwwn.cdc.gov/Nchs/Data/Nhanes/Public/2009/DataFiles/FSQ_F.htm
nhanes-questionnaire-fsq_g-2011,https://wwwn.cdc.gov/Nchs/Data/Nhanes/Public/2011/DataFiles/FSQ_G.htm
nhanes-questionnaire-fsq_h-2013,https://wwwn.cdc.gov/Nchs/Data/Nhanes/Public/2013/DataFiles/FSQ_H.htm
nhanes-questionnaire-fsq_i-2015,https://wwwn.cdc.gov/Nchs/Data/Nhanes/Public/2015/DataFiles/FSQ_I.htm
nhanes-questionnaire-fsq_j-2017,https://wwwn.cdc.gov/Nchs/Data/Nhanes/Public/2017/DataFiles/FSQ_J.htm
nhanes-questionnaire-p_fsq-2017,https://wwwn.cdc.gov/Nchs/Data/Nhanes/Public/2017/DataFiles/P_FSQ.htm
nhanes-questionnaire-fsq_l-2021,https://wwwn.cdc.gov/Nchs/Data/Nhanes/Public/2021/DataFiles/FSQ_L.htm
nhanes-questionnaire-fnq_l-2021,https://wwwn.cdc.gov/Nchs/Data/Nhanes/Public/2021/DataFiles/FNQ_L.htm
nhanes-questionnaire-hiq_e-2007,https://wwwn.cdc.gov/Nchs/Data/Nhanes/Public/2007/DataFiles/HIQ_E.htm
nhanes-questionnaire-hiq-1999,https://wwwn.cdc.gov/Nchs/Data/Nhanes/Public/1999/DataFiles/HIQ.htm
nhanes-questionnaire-hiq_d-2005,https://wwwn.cdc.gov/Nchs/Data/Nhanes/Public/2005/DataFiles/HIQ_D.htm
nhanes-questionnaire-hiq_c-2003,https://wwwn.cdc.gov/Nchs/Data/Nhanes/Public/2003/DataFiles/HIQ_C.htm
nhanes-questionnaire-hiq_b-2001,https://wwwn.cdc.gov/Nchs/Data/Nhanes/Public/2001/DataFiles/HIQ_B.htm
nhanes-questionnaire-hiq_f-2009,https://wwwn.cdc.gov/Nchs/Data/Nhanes/Public/2009/DataFiles/HIQ_F.htm
nhanes-questionnaire-hiq_g-2011,https://wwwn.cdc.gov/Nchs/Data/Nhanes/Public/2011/DataFiles/HIQ_G.htm
nhanes-questionnaire-hiq_h-2013,https://wwwn.cdc.gov/Nchs/Data/Nhanes/Public/2013/DataFiles/HIQ_H.htm
nhanes-questionnaire-hiq_i-2015,https://wwwn.cdc.gov/Nchs/Data/Nhanes/Public/2015/DataFiles/HIQ_I.htm
nhanes-questionnaire-hiq_j-2017,https://wwwn.cdc.gov/Nchs/Data/Nhanes/Public/2017/DataFiles/HIQ_J.htm
nhanes-questionnaire-p_hiq-2017,https://wwwn.cdc.gov/Nchs/Data/Nhanes/Public/2017/DataFiles/P_HIQ.htm
nhanes-questionnaire-hiq_l-2021,https://wwwn.cdc.gov/Nchs/Data/Nhanes/Public/2021/DataFiles/HIQ_L.htm
nhanes-questionnaire-heq_h-2013,https://wwwn.cdc.gov/Nchs/Data/Nhanes/Public/2013/DataFiles/HEQ_H.htm
nhanes-questionnaire-heq_i-2015,https://wwwn.cdc.gov/Nchs/Data/Nhanes/Public/2015/DataFiles/HEQ_I.htm
nhanes-questionnaire-heq_j-2017,https://wwwn.cdc.gov/Nchs/Data/Nhanes/Public/2017/DataFiles/HEQ_J.htm
nhanes-questionnaire-p_heq-2017,https://wwwn.cdc.gov/Nchs/Data/Nhanes/Public/2017/DataFiles/P_HEQ.htm
nhanes-questionnaire-heq_l-2021,https://wwwn.cdc.gov/Nchs/Data/Nhanes/Public/2021/DataFiles/HEQ_L.htm
nhanes-questionnaire-hcq_e-2007,https://wwwn.cdc.gov/Nchs/Data/Nhanes/Public/2007/DataFiles/HCQ_E.htm
nhanes-questionnaire-hcq_d-2005,https://wwwn.cdc.gov/Nchs/Data/Nhanes/Public/2005/DataFiles/HCQ_D.htm
nhanes-questionnaire-hcq_c-2003,https://wwwn.cdc.gov/Nchs/Data/Nhanes/Public/2003/DataFiles/HCQ_C.htm
nhanes-questionnaire-hcq_b-2001,https://wwwn.cdc.gov/Nchs/Data/Nhanes/Public/2001/DataFiles/HCQ_B.htm
nhanes-questionnaire-hcq_f-2009,https://wwwn.cdc.gov/Nchs/Data/Nhanes/Public/2009/DataFiles/HCQ_F.htm
nhanes-questionnaire-hcq_g-2011,https://wwwn.cdc.gov/Nchs/Data/Nhanes/Public/2011/DataFiles/HCQ_G.htm
nhanes-questionnaire-huq_e-2007,https://wwwn.cdc.gov/Nchs/Data/Nhanes/Public/2007/DataFiles/HUQ_E.htm
nhanes-questionnaire-huq-1999,https://wwwn.cdc.gov/Nchs/Data/Nhanes/Public/1999/DataFiles/HUQ.htm
nhanes-questionnaire-huq_d-2005,https://wwwn.cdc.gov/Nchs/Data/Nhanes/Public/2005/DataFiles/HUQ_D.htm
nhanes-questionnaire-huq_c-2003,https://wwwn.cdc.gov/Nchs/Data/Nhanes/Public/2003/DataFiles/HUQ_C.htm
nhanes-questionnaire-huq_b-2001,https://wwwn.cdc.gov/Nchs/Data/Nhanes/Public/2001/DataFiles/HUQ_B.htm
nhanes-questionnaire-huq_f-2009,https://wwwn.cdc.gov/Nchs/Data/Nhanes/Public/2009/DataFiles/HUQ_F.htm
nhanes-questionnaire-huq_g-2011,https://wwwn.cdc.gov/Nchs/Data/Nhanes/Public/2011/DataFiles/HUQ_G.htm
nhanes-questionnaire-huq_h-2013,https://wwwn.cdc.gov/Nchs/Data/Nhanes/Public/2013/DataFiles/HUQ_H.htm
nhanes-questionnaire-huq_i-2015,https://wwwn.cdc.gov/Nchs/Data/Nhanes/Public/2015/DataFiles/HUQ_I.htm
nhanes-questionnaire-huq_j-2017,https://wwwn.cdc.gov/Nchs/Data/Nhanes/Public/2017/DataFiles/HUQ_J.htm
nhanes-questionnaire-p_huq-2017,https://wwwn.cdc.gov/Nchs/Data/Nhanes/Public/2017/DataFiles/P_HUQ.htm
nhanes-questionnaire-huq_l-2021,https://wwwn.cdc.gov/Nchs/Data/Nhanes/Public/2021/DataFiles/HUQ_L.htm
nhanes-questionnaire-hoq_e-2007,https://wwwn.cdc.gov/Nchs/Data/Nhanes/Public/2007/DataFiles/HOQ_E.htm
nhanes-questionnaire-hoq-1999,https://wwwn.cdc.gov/Nchs/Data/Nhanes/Public/1999/DataFiles/HOQ.htm
nhanes-questionnaire-hoq_d-2005,https://wwwn.cdc.gov/Nchs/Data/Nhanes/Public/2005/DataFiles/HOQ_D.htm
nhanes-questionnaire-hoq_c-2003,https://wwwn.cdc.gov/Nchs/Data/Nhanes/Public/2003/DataFiles/HOQ_C.htm
nhanes-questionnaire-hoq_b-2001,https://wwwn.cdc.gov/Nchs/Data/Nhanes/Public/2001/DataFiles/HOQ_B.htm
nhanes-questionnaire-hoq_f-2009,https://wwwn.cdc.gov/Nchs/Data/Nhanes/Public/2009/DataFiles/HOQ_F.htm
nhanes-questionnaire-hoq_g-2011,https://wwwn.cdc.gov/Nchs/Data/Nhanes/Public/2011/DataFiles/HOQ_G.htm
nhanes-questionnaire-hoq_h-2013,https://wwwn.cdc.gov/Nchs/Data/Nhanes/Public/2013/DataFiles/HOQ_H.htm
nhanes-questionnaire-hoq_i-2015,https://wwwn.cdc.gov/Nchs/Data/Nhanes/Public/2015/DataFiles/HOQ_I.htm
nhanes-questionnaire-hoq_j-2017,https://wwwn.cdc.gov/Nchs/Data/Nhanes/Public/2017/DataFiles/HOQ_J.htm
nhanes-questionnaire-hoq_l-2021,https://wwwn.cdc.gov/Nchs/Data/Nhanes/Public/2021/DataFiles/HOQ_L.htm
nhanes-questionnaire-imq_e-2007,https://wwwn.cdc.gov/Nchs/Data/Nhanes/Public/2007/DataFiles/IMQ_E.htm
nhanes-questionnaire-imq-1999,https://wwwn.cdc.gov/Nchs/Data/Nhanes/Public/1999/DataFiles/IMQ.htm
nhanes-questionnaire-imq_d-2005,https://wwwn.cdc.gov/Nchs/Data/Nhanes/Public/2005/DataFiles/IMQ_D.htm
nhanes-questionnaire-imq_c-2003,https://wwwn.cdc.gov/Nchs/Data/Nhanes/Public/2003/DataFiles/IMQ_C.htm
nhanes-questionnaire-imq_b-2001,https://wwwn.cdc.gov/Nchs/Data/Nhanes/Public/2001/DataFiles/IMQ_B.htm
nhanes-questionnaire-imq_f-2009,https://wwwn.cdc.gov/Nchs/Data/Nhanes/Public/2009/DataFiles/IMQ_F.htm
nhanes-questionnaire-imq_g-2011,https://wwwn.cdc.gov/Nchs/Data/Nhanes/Public/2011/DataFiles/IMQ_G.htm
nhanes-questionnaire-imq_h-2013,https://wwwn.cdc.gov/Nchs/Data/Nhanes/Public/2013/DataFiles/IMQ_H.htm
nhanes-questionnaire-imq_i-2015,https://wwwn.cdc.gov/Nchs/Data/Nhanes/Public/2015/DataFiles/IMQ_I.htm
nhanes-questionnaire-imq_j-2017,https://wwwn.cdc.gov/Nchs/Data/Nhanes/Public/2017/DataFiles/IMQ_J.htm
nhanes-questionnaire-p_imq-2017,https://wwwn.cdc.gov/Nchs/Data/Nhanes/Public/2017/DataFiles/P_IMQ.htm
nhanes-questionnaire-imq_l-2021,https://wwwn.cdc.gov/Nchs/Data/Nhanes/Public/2021/DataFiles/IMQ_L.htm
nhanes-questionnaire-inq_e-2007,https://wwwn.cdc.gov/Nchs/Data/Nhanes/Public/2007/DataFiles/INQ_E.htm
nhanes-questionnaire-inq_f-2009,https://wwwn.cdc.gov/Nchs/Data/Nhanes/Public/2009/DataFiles/INQ_F.htm
nhanes-questionnaire-inq_g-2011,https://wwwn.cdc.gov/Nchs/Data/Nhanes/Public/2011/DataFiles/INQ_G.htm
nhanes-questionnaire-inq_h-2013,https://wwwn.cdc.gov/Nchs/Data/Nhanes/Public/2013/DataFiles/INQ_H.htm
nhanes-questionnaire-inq_i-2015,https://wwwn.cdc.gov/Nchs/Data/Nhanes/Public/2015/DataFiles/INQ_I.htm
nhanes-questionnaire-inq_j-2017,https://wwwn.cdc.gov/Nchs/Data/Nhanes/Public/2017/DataFiles/INQ_J.htm
nhanes-questionnaire-p_inq-2017,https://wwwn.cdc.gov/Nchs/Data/Nhanes/Public/2017/DataFiles/P_INQ.htm
nhanes-questionnaire-inq_l-2021,https://wwwn.cdc.gov/Nchs/Data/Nhanes/Public/2021/DataFiles/INQ_L.htm
nhanes-questionnaire-kiq-1999,https://wwwn.cdc.gov/Nchs/Data/Nhanes/Public/1999/DataFiles/KIQ.htm
nhanes-questionnaire-kiq_u_e-2007,https://wwwn.cdc.gov/Nchs/Data/Nhanes/Public/2007/DataFiles/KIQ_U_E.htm
nhanes-questionnaire-kiq_u_d-2005,https://wwwn.cdc.gov/Nchs/Data/Nhanes/Public/2005/DataFiles/KIQ_U_D.htm
nhanes-questionnaire-kiq_u_c-2003,https://wwwn.cdc.gov/Nchs/Data/Nhanes/Public/2003/DataFiles/KIQ_U_C.htm
nhanes-questionnaire-kiq_u_b-2001,https://wwwn.cdc.gov/Nchs/Data/Nhanes/Public/2001/DataFiles/KIQ_U_B.htm
nhanes-questionnaire-kiq_u_f-2009,https://wwwn.cdc.gov/Nchs/Data/Nhanes/Public/2009/DataFiles/KIQ_U_F.htm
nhanes-questionnaire-kiq_u_g-2011,https://wwwn.cdc.gov/Nchs/Data/Nhanes/Public/2011/DataFiles/KIQ_U_G.htm
nhanes-questionnaire-kiq_u_h-2013,https://wwwn.cdc.gov/Nchs/Data/Nhanes/Public/2013/DataFiles/KIQ_U_H.htm
nhanes-questionnaire-kiq_u_i-2015,https://wwwn.cdc.gov/Nchs/Data/Nhanes/Public/2015/DataFiles/KIQ_U_I.htm
nhanes-questionnaire-kiq_u_j-2017,https://wwwn.cdc.gov/Nchs/Data/Nhanes/Public/2017/DataFiles/KIQ_U_J.htm
nhanes-questionnaire-p_kiq_u-2017,https://wwwn.cdc.gov/Nchs/Data/Nhanes/Public/2017/DataFiles/P_KIQ_U.htm
nhanes-questionnaire-kiq_u_l-2021,https://wwwn.cdc.gov/Nchs/Data/Nhanes/Public/2021/DataFiles/KIQ_U_L.htm
nhanes-questionnaire-mcq_e-2007,https://wwwn.cdc.gov/Nchs/Data/Nhanes/Public/2007/DataFiles/MCQ_E.htm
nhanes-questionnaire-mcq-1999,https://wwwn.cdc.gov/Nchs/Data/Nhanes/Public/1999/DataFiles/MCQ.htm
nhanes-questionnaire-mcq_d-2005,https://wwwn.cdc.gov/Nchs/Data/Nhanes/Public/2005/DataFiles/MCQ_D.htm
nhanes-questionnaire-mcq_c-2003,https://wwwn.cdc.gov/Nchs/Data/Nhanes/Public/2003/DataFiles/MCQ_C.htm
nhanes-questionnaire-mcq_b-2001,https://wwwn.cdc.gov/Nchs/Data/Nhanes/Public/2001/DataFiles/MCQ_B.htm
nhanes-questionnaire-mcq_f-2009,https://wwwn.cdc.gov/Nchs/Data/Nhanes/Public/2009/DataFiles/MCQ_F.htm
nhanes-questionnaire-mcq_g-2011,https://wwwn.cdc.gov/Nchs/Data/Nhanes/Public/2011/DataFiles/MCQ_G.htm
nhanes-questionnaire-mcq_h-2013,https://wwwn.cdc.gov/Nchs/Data/Nhanes/Public/2013/DataFiles/MCQ_H.htm
nhanes-questionnaire-mcq_i-2015,https://wwwn.cdc.gov/Nchs/Data/Nhanes/Public/2015/DataFiles/MCQ_I.htm
nhanes-questionnaire-mcq_j-2017,https://wwwn.cdc.gov/Nchs/Data/Nhanes/Public/2017/DataFiles/MCQ_J.htm
nhanes-questionnaire-p_mcq-2017,https://wwwn.cdc.gov/Nchs/Data/Nhanes/Public/2017/DataFiles/P_MCQ.htm
nhanes-questionnaire-mcq_l-2021,https://wwwn.cdc.gov/Nchs/Data/Nhanes/Public/2021/DataFiles/MCQ_L.htm
nhanes-questionnaire-ciqmdep-1999,https://wwwn.cdc.gov/Nchs/Data/Nhanes/Public/1999/DataFiles/CIQMDEP.htm
nhanes-questionnaire-ciqdep_c-2003,https://wwwn.cdc.gov/Nchs/Data/Nhanes/Public/2003/DataFiles/CIQDEP_C.htm
nhanes-questionnaire-ciqdep_b-2001,https://wwwn.cdc.gov/Nchs/Data/Nhanes/Public/2001/DataFiles/CIQDEP_B.htm
nhanes-questionnaire-dpq_d-2005,https://wwwn.cdc.gov/Nchs/Data/Nhanes/Public/2005/DataFiles/DPQ_D.htm
nhanes-questionnaire-dpq_e-2007,https://wwwn.cdc.gov/Nchs/Data/Nhanes/Public/2007/DataFiles/DPQ_E.htm
nhanes-questionnaire-dpq_f-2009,https://wwwn.cdc.gov/Nchs/Data/Nhanes/Public/2009/DataFiles/DPQ_F.htm
nhanes-questionnaire-dpq_g-2011,https://wwwn.cdc.gov/Nchs/Data/Nhanes/Public/2011/DataFiles/DPQ_G.htm
nhanes-questionnaire-dpq_h-2013,https://wwwn.cdc.gov/Nchs/Data/Nhanes/Public/2013/DataFiles/DPQ_H.htm
nhanes-questionnaire-dpq_i-2015,https://wwwn.cdc.gov/Nchs/Data/Nhanes/Public/2015/DataFiles/DPQ_I.htm
nhanes-questionnaire-dpq_j-2017,https://wwwn.cdc.gov/Nchs/Data/Nhanes/Public/2017/DataFiles/DPQ_J.htm
nhanes-questionnaire-p_dpq-2017,https://wwwn.cdc.gov/Nchs/Data/Nhanes/Public/2017/DataFiles/P_DPQ.htm
nhanes-questionnaire-dpq_l-2021,https://wwwn.cdc.gov/Nchs/Data/Nhanes/Public/2021/DataFiles/DPQ_L.htm
nhanes-questionnaire-ciqgad-1999,https://wwwn.cdc.gov/Nchs/Data/Nhanes/Public/1999/DataFiles/CIQGAD.htm
nhanes-questionnaire-ciqgad_c-2003,https://wwwn.cdc.gov/Nchs/Data/Nhanes/Public/2003/DataFiles/CIQGAD_C.htm
nhanes-questionnaire-ciqgad_b-2001,https://wwwn.cdc.gov/Nchs/Data/Nhanes/Public/2001/DataFiles/CIQGAD_B.htm
nhanes-questionnaire-ciqpanic-1999,https://wwwn.cdc.gov/Nchs/Data/Nhanes/Public/1999/DataFiles/CIQPANIC.htm
nhanes-questionnaire-ciqpan_c-2003,https://wwwn.cdc.gov/Nchs/Data/Nhanes/Public/2003/DataFiles/CIQPAN_C.htm
nhanes-questionnaire-ciqpan_b-2001,https://wwwn.cdc.gov/Nchs/Data/Nhanes/Public/2001/DataFiles/CIQPAN_B.htm
nhanes-questionnaire-mpq-1999,https://wwwn.cdc.gov/Nchs/Data/Nhanes/Public/1999/DataFiles/MPQ.htm
nhanes-questionnaire-mpq_c-2003,https://wwwn.cdc.gov/Nchs/Data/Nhanes/Public/2003/DataFiles/MPQ_C.htm
nhanes-questionnaire-mpq_b-2001,https://wwwn.cdc.gov/Nchs/Data/Nhanes/Public/2001/DataFiles/MPQ_B.htm
nhanes-questionnaire-ocq-1999,https://wwwn.cdc.gov/Nchs/Data/Nhanes/Public/1999/DataFiles/OCQ.htm
nhanes-questionnaire-ocq_c-2003,https://wwwn.cdc.gov/Nchs/Data/Nhanes/Public/2003/DataFiles/OCQ_C.htm
nhanes-questionnaire-ocq_b-2001,https://wwwn.cdc.gov/Nchs/Data/Nhanes/Public/2001/DataFiles/OCQ_B.htm
nhanes-questionnaire-ocq_d-2005,https://wwwn.cdc.gov/Nchs/Data/Nhanes/Public/2005/DataFiles/OCQ_D.htm
nhanes-questionnaire-ocq_e-2007,https://wwwn.cdc.gov/Nchs/Data/Nhanes/Public/2007/DataFiles/OCQ_E.htm
nhanes-questionnaire-ocq_f-2009,https://wwwn.cdc.gov/Nchs/Data/Nhanes/Public/2009/DataFiles/OCQ_F.htm
nhanes-questionnaire-ocq_g-2011,https://wwwn.cdc.gov/Nchs/Data/Nhanes/Public/2011/DataFiles/OCQ_G.htm
nhanes-questionnaire-ocq_h-2013,https://wwwn.cdc.gov/Nchs/Data/Nhanes/Public/2013/DataFiles/OCQ_H.htm
nhanes-questionnaire-ocq_i-2015,https://wwwn.cdc.gov/Nchs/Data/Nhanes/Public/2015/DataFiles/OCQ_I.htm
nhanes-questionnaire-ocq_j-2017,https://wwwn.cdc.gov/Nchs/Data/Nhanes/Public/2017/DataFiles/OCQ_J.htm
nhanes-questionnaire-p_ocq-2017,https://wwwn.cdc.gov/Nchs/Data/Nhanes/Public/2017/DataFiles/P_OCQ.htm
nhanes-questionnaire-ocq_l-2021,https://wwwn.cdc.gov/Nchs/Data/Nhanes/Public/2021/DataFiles/OCQ_L.htm
nhanes-questionnaire-ohq_e-2007,https://wwwn.cdc.gov/Nchs/Data/Nhanes/Public/2007/DataFiles/OHQ_E.htm
nhanes-questionnaire-ohq-1999,https://wwwn.cdc.gov/Nchs/Data/Nhanes/Public/1999/DataFiles/OHQ.htm
nhanes-questionnaire-ohq_d-2005,https://wwwn.cdc.gov/Nchs/Data/Nhanes/Public/2005/DataFiles/OHQ_D.htm
nhanes-questionnaire-ohq_c-2003,https://wwwn.cdc.gov/Nchs/Data/Nhanes/Public/2003/DataFiles/OHQ_C.htm
nhanes-questionnaire-ohq_b-2001,https://wwwn.cdc.gov/Nchs/Data/Nhanes/Public/2001/DataFiles/OHQ_B.htm
nhanes-questionnaire-ohq_f-2009,https://wwwn.cdc.gov/Nchs/Data/Nhanes/Public/2009/DataFiles/OHQ_F.htm
nhanes-questionnaire-ohq_g-2011,https://wwwn.cdc.gov/Nchs/Data/Nhanes/Public/2011/DataFiles/OHQ_G.htm
nhanes-questionnaire-ohq_h-2013,https://wwwn.cdc.gov/Nchs/Data/Nhanes/Public/2013/DataFiles/OHQ_H.htm
nhanes-questionnaire-ohq_i-2015,https://wwwn.cdc.gov/Nchs/Data/Nhanes/Public/2015/DataFiles/OHQ_I.htm
nhanes-questionnaire-ohq_j-2017,https://wwwn.cdc.gov/Nchs/Data/Nhanes/Public/2017/DataFiles/OHQ_J.htm
nhanes-questionnaire-p_ohq-2017,https://wwwn.cdc.gov/Nchs/Data/Nhanes/Public/2017/DataFiles/P_OHQ.htm
nhanes-questionnaire-ohq_l-2021,https://wwwn.cdc.gov/Nchs/Data/Nhanes/Public/2021/DataFiles/OHQ_L.htm
nhanes-questionnaire-osq_e-2007,https://wwwn.cdc.gov/Nchs/Data/Nhanes/Public/2007/DataFiles/OSQ_E.htm
nhanes-questionnaire-osq-1999,https://wwwn.cdc.gov/Nchs/Data/Nhanes/Public/1999/DataFiles/OSQ.htm
nhanes-questionnaire-osq_d-2005,https://wwwn.cdc.gov/Nchs/Data/Nhanes/Public/2005/DataFiles/OSQ_D.htm
nhanes-questionnaire-osq_c-2003,https://wwwn.cdc.gov/Nchs/Data/Nhanes/Public/2003/DataFiles/OSQ_C.htm
nhanes-questionnaire-osq_b-2001,https://wwwn.cdc.gov/Nchs/Data/Nhanes/Public/2001/DataFiles/OSQ_B.htm
nhanes-questionnaire-osq_f-2009,https://wwwn.cdc.gov/Nchs/Data/Nhanes/Public/2009/DataFiles/OSQ_F.htm
nhanes-questionnaire-osq_h-2013,https://wwwn.cdc.gov/Nchs/Data/Nhanes/Public/2013/DataFiles/OSQ_H.htm
nhanes-questionnaire-osq_j-2017,https://wwwn.cdc.gov/Nchs/Data/Nhanes/Public/2017/DataFiles/OSQ_J.htm
nhanes-questionnaire-p_osq-2017,https://wwwn.cdc.gov/Nchs/Data/Nhanes/Public/2017/DataFiles/P_OSQ.htm
nhanes-questionnaire-puqmec_e-2007,https://wwwn.cdc.gov/Nchs/Data/Nhanes/Public/2007/DataFiles/PUQMEC_E.htm
nhanes-questionnaire-puq-1999,https://wwwn.cdc.gov/Nchs/Data/Nhanes/Public/1999/DataFiles/PUQ.htm
nhanes-questionnaire-puqmec_d-2005,https://wwwn.cdc.gov/Nchs/Data/Nhanes/Public/2005/DataFiles/PUQMEC_D.htm
nhanes-questionnaire-puq_c-2003,https://wwwn.cdc.gov/Nchs/Data/Nhanes/Public/2003/DataFiles/PUQ_C.htm
nhanes-questionnaire-puq_b-2001,https://wwwn.cdc.gov/Nchs/Data/Nhanes/Public/2001/DataFiles/PUQ_B.htm
nhanes-questionnaire-puqmec_f-2009,https://wwwn.cdc.gov/Nchs/Data/Nhanes/Public/2009/DataFiles/PUQMEC_F.htm
nhanes-questionnaire-puqmec_g-2011,https://wwwn.cdc.gov/Nchs/Data/Nhanes/Public/2011/DataFiles/PUQMEC_G.htm
nhanes-questionnaire-puqmec_h-2013,https://wwwn.cdc.gov/Nchs/Data/Nhanes/Public/2013/DataFiles/PUQMEC_H.htm
nhanes-questionnaire-puqmec_i-2015,https://wwwn.cdc.gov/Nchs/Data/Nhanes/Public/2015/DataFiles/PUQMEC_I.htm
nhanes-questionnaire-puqmec_j-2017,https://wwwn.cdc.gov/Nchs/Data/Nhanes/Public/2017/DataFiles/PUQMEC_J.htm
nhanes-questionnaire-p_puqmec-2017,https://wwwn.cdc.gov/Nchs/Data/Nhanes/Public/2017/DataFiles/P_PUQMEC.htm
nhanes-questionnaire-puqmec_l-2021,https://wwwn.cdc.gov/Nchs/Data/Nhanes/Public/2021/DataFiles/PUQMEC_L.htm
nhanes-questionnaire-paq_e-2007,https://wwwn.cdc.gov/Nchs/Data/Nhanes/Public/2007/DataFiles/PAQ_E.htm
nhanes-questionnaire-paq-1999,https://wwwn.cdc.gov/Nchs/Data/Nhanes/Public/1999/DataFiles/PAQ.htm
nhanes-questionnaire-paq_d-2005,https://wwwn.cdc.gov/Nchs/Data/Nhanes/Public/2005/DataFiles/PAQ_D.htm
nhanes-questionnaire-paq_c-2003,https://wwwn.cdc.gov/Nchs/Data/Nhanes/Public/2003/DataFiles/PAQ_C.htm
nhanes-questionnaire-paq_b-2001,https://wwwn.cdc.gov/Nchs/Data/Nhanes/Public/2001/DataFiles/PAQ_B.htm
nhanes-questionnaire-paq_f-2009,https://wwwn.cdc.gov/Nchs/Data/Nhanes/Public/2009/DataFiles/PAQ_F.htm
nhanes-questionnaire-paq_g-2011,https://wwwn.cdc.gov/Nchs/Data/Nhanes/Public/2011/DataFiles/PAQ_G.htm
nhanes-questionnaire-paq_h-2013,https://wwwn.cdc.gov/Nchs/Data/Nhanes/Public/2013/DataFiles/PAQ_H.htm
nhanes-questionnaire-paq_i-2015,https://wwwn.cdc.gov/Nchs/Data/Nhanes/Public/2015/DataFiles/PAQ_I.htm
nhanes-questionnaire-paq_j-2017,https://wwwn.cdc.gov/Nchs/Data/Nhanes/Public/2017/DataFiles/PAQ_J.htm
nhanes-questionnaire-p_paq-2017,https://wwwn.cdc.gov/Nchs/Data/Nhanes/Public/2017/DataFiles/P_PAQ.htm
nhanes-questionnaire-paq_l-2021,https://wwwn.cdc.gov/Nchs/Data/Nhanes/Public/2021/DataFiles/PAQ_L.htm
nhanes-questionnaire-paqiaf-1999,https://wwwn.cdc.gov/Nchs/Data/Nhanes/Public/1999/DataFiles/PAQIAF.htm
nhanes-questionnaire-paqiaf_d-2005,https://wwwn.cdc.gov/Nchs/Data/Nhanes/Public/2005/DataFiles/PAQIAF_D.htm
nhanes-questionnaire-paqiaf_c-2003,https://wwwn.cdc.gov/Nchs/Data/Nhanes/Public/2003/DataFiles/PAQIAF_C.htm
nhanes-questionnaire-paqiaf_b-2001,https://wwwn.cdc.gov/Nchs/Data/Nhanes/Public/2001/DataFiles/PAQIAF_B.htm
nhanes-questionnaire-paqy_j-2017,https://wwwn.cdc.gov/Nchs/Data/Nhanes/Public/2017/DataFiles/PAQY_J.htm
nhanes-questionnaire-p_paqy-2017,https://wwwn.cdc.gov/Nchs/Data/Nhanes/Public/2017/DataFiles/P_PAQY.htm
nhanes-questionnaire-paqy_l-2021,https://wwwn.cdc.gov/Nchs/Data/Nhanes/Public/2021/DataFiles/PAQY_L.htm
nhanes-questionnaire-pfq_e-2007,https://wwwn.cdc.gov/Nchs/Data/Nhanes/Public/2007/DataFiles/PFQ_E.htm
nhanes-questionnaire-pfq-1999,https://wwwn.cdc.gov/Nchs/Data/Nhanes/Public/1999/DataFiles/PFQ.htm
nhanes-questionnaire-pfq_d-2005,https://wwwn.cdc.gov/Nchs/Data/Nhanes/Public/2005/DataFiles/PFQ_D.htm
nhanes-questionnaire-pfq_c-2003,https://wwwn.cdc.gov/Nchs/Data/Nhanes/Public/2003/DataFiles/PFQ_C.htm
nhanes-questionnaire-pfq_b-2001,https://wwwn.cdc.gov/Nchs/Data/Nhanes/Public/2001/DataFiles/PFQ_B.htm
nhanes-questionnaire-pfq_f-2009,https://wwwn.cdc.gov/Nchs/Data/Nhanes/Public/2009/DataFiles/PFQ_F.htm
nhanes-questionnaire-pfq_g-2011,https://wwwn.cdc.gov/Nchs/Data/Nhanes/Public/2011/DataFiles/PFQ_G.htm
nhanes-questionnaire-pfq_h-2013,https://wwwn.cdc.gov/Nchs/Data/Nhanes/Public/2013/DataFiles/PFQ_H.htm
nhanes-questionnaire-pfq_i-2015,https://wwwn.cdc.gov/Nchs/Data/Nhanes/Public/2015/DataFiles/PFQ_I.htm
nhanes-questionnaire-pfq_j-2017,https://wwwn.cdc.gov/Nchs/Data/Nhanes/Public/2017/DataFiles/PFQ_J.htm
nhanes-questionnaire-rxq_rx-1999,https://wwwn.cdc.gov/Nchs/Data/Nhanes/Public/1999/DataFiles/RXQ_RX.htm
nhanes-questionnaire-rxq_rx_e-2007,https://wwwn.cdc.gov/Nchs/Data/Nhanes/Public/2007/DataFiles/RXQ_RX_E.htm
nhanes-questionnaire-rxq_rx_d-2005,https://wwwn.cdc.gov/Nchs/Data/Nhanes/Public/2005/DataFiles/RXQ_RX_D.htm
nhanes-questionnaire-rxq_rx_c-2003,https://wwwn.cdc.gov/Nchs/Data/Nhanes/Public/2003/DataFiles/RXQ_RX_C.htm
nhanes-questionnaire-rxq_rx_b-2001,https://wwwn.cdc.gov/Nchs/Data/Nhanes/Public/2001/DataFiles/RXQ_RX_B.htm
nhanes-questionnaire-rxq_rx_f-2009,https://wwwn.cdc.gov/Nchs/Data/Nhanes/Public/2009/DataFiles/RXQ_RX_F.htm
nhanes-questionnaire-rxq_rx_g-2011,https://wwwn.cdc.gov/Nchs/Data/Nhanes/Public/2011/DataFiles/RXQ_RX_G.htm
nhanes-questionnaire-rxq_rx_h-2013,https://wwwn.cdc.gov/Nchs/Data/Nhanes/Public/2013/DataFiles/RXQ_RX_H.htm
nhanes-questionnaire-rxq_rx_i-2015,https://wwwn.cdc.gov/Nchs/Data/Nhanes/Public/2015/DataFiles/RXQ_RX_I.htm
nhanes-questionnaire-rxq_rx_j-2017,https://wwwn.cdc.gov/Nchs/Data/Nhanes/Public/2017/DataFiles/RXQ_RX_J.htm
nhanes-questionnaire-p_rxq_rx-2017,https://wwwn.cdc.gov/Nchs/Data/Nhanes/Public/2017/DataFiles/P_RXQ_RX.htm
nhanes-questionnaire-rxq_rx_l-2021,https://wwwn.cdc.gov/Nchs/Data/Nhanes/Public/2021/DataFiles/RXQ_RX_L.htm
nhanes-questionnaire-rxq_drug-1988,https://wwwn.cdc.gov/Nchs/Data/Nhanes/Public/1988/DataFiles/RXQ_DRUG.htm
nhanes-questionnaire-rxqasa_g-2011,https://wwwn.cdc.gov/Nchs/Data/Nhanes/Public/2011/DataFiles/RXQASA_G.htm
nhanes-questionnaire-rxqasa_h-2013,https://wwwn.cdc.gov/Nchs/Data/Nhanes/Public/2013/DataFiles/RXQASA_H.htm
nhanes-questionnaire-rxqasa_i-2015,https://wwwn.cdc.gov/Nchs/Data/Nhanes/Public/2015/DataFiles/RXQASA_I.htm
nhanes-questionnaire-rxqasa_j-2017,https://wwwn.cdc.gov/Nchs/Data/Nhanes/Public/2017/DataFiles/RXQASA_J.htm
nhanes-questionnaire-p_rxqasa-2017,https://wwwn.cdc.gov/Nchs/Data/Nhanes/Public/2017/DataFiles/P_RXQASA.htm
nhanes-questionnaire-rxqasa_l-2021,https://wwwn.cdc.gov/Nchs/Data/Nhanes/Public/2021/DataFiles/RXQASA_L.htm
nhanes-questionnaire-kiq_p_e-2007,https://wwwn.cdc.gov/Nchs/Data/Nhanes/Public/2007/DataFiles/KIQ_P_E.htm
nhanes-questionnaire-kiq_p_d-2005,https://wwwn.cdc.gov/Nchs/Data/Nhanes/Public/2005/DataFiles/KIQ_P_D.htm
nhanes-questionnaire-kiq_p_c-2003,https://wwwn.cdc.gov/Nchs/Data/Nhanes/Public/2003/DataFiles/KIQ_P_C.htm
nhanes-questionnaire-kiq_p_b-2001,https://wwwn.cdc.gov/Nchs/Data/Nhanes/Public/2001/DataFiles/KIQ_P_B.htm
nhanes-questionnaire-psq_d-2005,https://wwwn.cdc.gov/Nchs/Data/Nhanes/Public/2005/DataFiles/PSQ_D.htm
nhanes-questionnaire-psq_c-2003,https://wwwn.cdc.gov/Nchs/Data/Nhanes/Public/2003/DataFiles/PSQ_C.htm
nhanes-questionnaire-rhq_e-2007,https://wwwn.cdc.gov/Nchs/Data/Nhanes/Public/2007/DataFiles/RHQ_E.htm
nhanes-questionnaire-rhq-1999,https://wwwn.cdc.gov/Nchs/Data/Nhanes/Public/1999/DataFiles/RHQ.htm
nhanes-questionnaire-rhq_d-2005,https://wwwn.cdc.gov/Nchs/Data/Nhanes/Public/2005/DataFiles/RHQ_D.htm
nhanes-questionnaire-rhq_c-2003,https://wwwn.cdc.gov/Nchs/Data/Nhanes/Public/2003/DataFiles/RHQ_C.htm
nhanes-questionnaire-rhq_b-2001,https://wwwn.cdc.gov/Nchs/Data/Nhanes/Public/2001/DataFiles/RHQ_B.htm
nhanes-questionnaire-rhq_f-2009,https://wwwn.cdc.gov/Nchs/Data/Nhanes/Public/2009/DataFiles/RHQ_F.htm
nhanes-questionnaire-rhq_g-2011,https://wwwn.cdc.gov/Nchs/Data/Nhanes/Public/2011/DataFiles/RHQ_G.htm
nhanes-questionnaire-rhq_h-2013,https://wwwn.cdc.gov/Nchs/Data/Nhanes/Public/2013/DataFiles/RHQ_H.htm
nhanes-questionnaire-rhq_i-2015,https://wwwn.cdc.gov/Nchs/Data/Nhanes/Public/2015/DataFiles/RHQ_I.htm
nhanes-questionnaire-rhq_j-2017,https://wwwn.cdc.gov/Nchs/Data/Nhanes/Public/2017/DataFiles/RHQ_J.htm
nhanes-questionnaire-p_rhq-2017,https://wwwn.cdc.gov/Nchs/Data/Nhanes/Public/2017/DataFiles/P_RHQ.htm
nhanes-questionnaire-rhq_l-2021,https://wwwn.cdc.gov/Nchs/Data/Nhanes/Public/2021/DataFiles/RHQ_L.htm
nhanes-questionnaire-rdq_e-2007,https://wwwn.cdc.gov/Nchs/Data/Nhanes/Public/2007/DataFiles/RDQ_E.htm
nhanes-questionnaire-rdq-1999,https://wwwn.cdc.gov/Nchs/Data/Nhanes/Public/1999/DataFiles/RDQ.htm
nhanes-questionnaire-rdq_d-2005,https://wwwn.cdc.gov/Nchs/Data/Nhanes/Public/2005/DataFiles/RDQ_D.htm
nhanes-questionnaire-rdq_c-2003,https://wwwn.cdc.gov/Nchs/Data/Nhanes/Public/2003/DataFiles/RDQ_C.htm
nhanes-questionnaire-rdq_b-2001,https://wwwn.cdc.gov/Nchs/Data/Nhanes/Public/2001/DataFiles/RDQ_B.htm
nhanes-questionnaire-rdq_f-2009,https://wwwn.cdc.gov/Nchs/Data/Nhanes/Public/2009/DataFiles/RDQ_F.htm
nhanes-questionnaire-rdq_g-2011,https://wwwn.cdc.gov/Nchs/Data/Nhanes/Public/2011/DataFiles/RDQ_G.htm
nhanes-questionnaire-sxq_e-2007,https://wwwn.cdc.gov/Nchs/Data/Nhanes/Public/2007/DataFiles/SXQ_E.htm
nhanes-questionnaire-sxq-1999,https://wwwn.cdc.gov/Nchs/Data/Nhanes/Public/1999/DataFiles/SXQ.htm
nhanes-questionnaire-sxq_d-2005,https://wwwn.cdc.gov/Nchs/Data/Nhanes/Public/2005/DataFiles/SXQ_D.htm
nhanes-questionnaire-sxq_c-2003,https://wwwn.cdc.gov/Nchs/Data/Nhanes/Public/2003/DataFiles/SXQ_C.htm
nhanes-questionnaire-sxq_b-2001,https://wwwn.cdc.gov/Nchs/Data/Nhanes/Public/2001/DataFiles/SXQ_B.htm
nhanes-questionnaire-sxq_f-2009,https://wwwn.cdc.gov/Nchs/Data/Nhanes/Public/2009/DataFiles/SXQ_F.htm
nhanes-questionnaire-sxq_g-2011,https://wwwn.cdc.gov/Nchs/Data/Nhanes/Public/2011/DataFiles/SXQ_G.htm
nhanes-questionnaire-sxq_h-2013,https://wwwn.cdc.gov/Nchs/Data/Nhanes/Public/2013/DataFiles/SXQ_H.htm
nhanes-questionnaire-sxq_i-2015,https://wwwn.cdc.gov/Nchs/Data/Nhanes/Public/2015/DataFiles/SXQ_I.htm
nhanes-questionnaire-slq_e-2007,https://wwwn.cdc.gov/Nchs/Data/Nhanes/Public/2007/DataFiles/SLQ_E.htm
nhanes-questionnaire-slq_d-2005,https://wwwn.cdc.gov/Nchs/Data/Nhanes/Public/2005/DataFiles/SLQ_D.htm
nhanes-questionnaire-slq_f-2009,https://wwwn.cdc.gov/Nchs/Data/Nhanes/Public/2009/DataFiles/SLQ_F.htm
nhanes-questionnaire-slq_g-2011,https://wwwn.cdc.gov/Nchs/Data/Nhanes/Public/2011/DataFiles/SLQ_G.htm
nhanes-questionnaire-slq_h-2013,https://wwwn.cdc.gov/Nchs/Data/Nhanes/Public/2013/DataFiles/SLQ_H.htm
nhanes-questionnaire-slq_i-2015,https://wwwn.cdc.gov/Nchs/Data/Nhanes/Public/2015/DataFiles/SLQ_I.htm
nhanes-questionnaire-slq_j-2017,https://wwwn.cdc.gov/Nchs/Data/Nhanes/Public/2017/DataFiles/SLQ_J.htm
nhanes-questionnaire-p_slq-2017,https://wwwn.cdc.gov/Nchs/Data/Nhanes/Public/2017/DataFiles/P_SLQ.htm
nhanes-questionnaire-slq_l-2021,https://wwwn.cdc.gov/Nchs/Data/Nhanes/Public/2021/DataFiles/SLQ_L.htm
nhanes-questionnaire-smqmec-1999,https://wwwn.cdc.gov/Nchs/Data/Nhanes/Public/1999/DataFiles/SMQMEC.htm
nhanes-questionnaire-smqmec_c-2003,https://wwwn.cdc.gov/Nchs/Data/Nhanes/Public/2003/DataFiles/SMQMEC_C.htm
nhanes-questionnaire-smqmec_b-2001,https://wwwn.cdc.gov/Nchs/Data/Nhanes/Public/2001/DataFiles/SMQMEC_B.htm
nhanes-questionnaire-smq_e-2007,https://wwwn.cdc.gov/Nchs/Data/Nhanes/Public/2007/DataFiles/SMQ_E.htm
nhanes-questionnaire-smq_d-2005,https://wwwn.cdc.gov/Nchs/Data/Nhanes/Public/2005/DataFiles/SMQ_D.htm
nhanes-questionnaire-smq_f-2009,https://wwwn.cdc.gov/Nchs/Data/Nhanes/Public/2009/DataFiles/SMQ_F.htm
nhanes-questionnaire-smq_g-2011,https://wwwn.cdc.gov/Nchs/Data/Nhanes/Public/2011/DataFiles/SMQ_G.htm
nhanes-questionnaire-smq_h-2013,https://wwwn.cdc.gov/Nchs/Data/Nhanes/Public/2013/DataFiles/SMQ_H.htm
nhanes-questionnaire-smq_i-2015,https://wwwn.cdc.gov/Nchs/Data/Nhanes/Public/2015/DataFiles/SMQ_I.htm
nhanes-questionnaire-smq_j-2017,https://wwwn.cdc.gov/Nchs/Data/Nhanes/Public/2017/DataFiles/SMQ_J.htm
nhanes-questionnaire-p_smq-2017,https://wwwn.cdc.gov/Nchs/Data/Nhanes/Public/2017/DataFiles/P_SMQ.htm
nhanes-questionnaire-smq_l-2021,https://wwwn.cdc.gov/Nchs/Data/Nhanes/Public/2021/DataFiles/SMQ_L.htm
nhanes-questionnaire-smq-1999,https://wwwn.cdc.gov/Nchs/Data/Nhanes/Public/1999/DataFiles/SMQ.htm
nhanes-questionnaire-smq_c-2003,https://wwwn.cdc.gov/Nchs/Data/Nhanes/Public/2003/DataFiles/SMQ_C.htm
nhanes-questionnaire-smq_b-2001,https://wwwn.cdc.gov/Nchs/Data/Nhanes/Public/2001/DataFiles/SMQ_B.htm
nhanes-questionnaire-smqfam_e-2007,https://wwwn.cdc.gov/Nchs/Data/Nhanes/Public/2007/DataFiles/SMQFAM_E.htm
nhanes-questionnaire-smqfam_d-2005,https://wwwn.cdc.gov/Nchs/Data/Nhanes/Public/2005/DataFiles/SMQFAM_D.htm
nhanes-questionnaire-smqfam_c-2003,https://wwwn.cdc.gov/Nchs/Data/Nhanes/Public/2003/DataFiles/SMQFAM_C.htm
nhanes-questionnaire-smqfam_b-2001,https://wwwn.cdc.gov/Nchs/Data/Nhanes/Public/2001/DataFiles/SMQFAM_B.htm
nhanes-questionnaire-smqfam-1999,https://wwwn.cdc.gov/Nchs/Data/Nhanes/Public/1999/DataFiles/SMQFAM.htm
nhanes-questionnaire-smqfam_f-2009,https://wwwn.cdc.gov/Nchs/Data/Nhanes/Public/2009/DataFiles/SMQFAM_F.htm
nhanes-questionnaire-smqfam_g-2011,https://wwwn.cdc.gov/Nchs/Data/Nhanes/Public/2011/DataFiles/SMQFAM_G.htm
nhanes-questionnaire-smqfam_h-2013,https://wwwn.cdc.gov/Nchs/Data/Nhanes/Public/2013/DataFiles/SMQFAM_H.htm
nhanes-questionnaire-smqfam_i-2015,https://wwwn.cdc.gov/Nchs/Data/Nhanes/Public/2015/DataFiles/SMQFAM_I.htm
nhanes-questionnaire-smqfam_j-2017,https://wwwn.cdc.gov/Nchs/Data/Nhanes/Public/2017/DataFiles/SMQFAM_J.htm
nhanes-questionnaire-p_smqfam-2017,https://wwwn.cdc.gov/Nchs/Data/Nhanes/Public/2017/DataFiles/P_SMQFAM.htm
nhanes-questionnaire-smqfam_l-2021,https://wwwn.cdc.gov/Nchs/Data/Nhanes/Public/2021/DataFiles/SMQFAM_L.htm
nhanes-questionnaire-smqrtu_e-2007,https://wwwn.cdc.gov/Nchs/Data/Nhanes/Public/2007/DataFiles/SMQRTU_E.htm
nhanes-questionnaire-smqrtu_d-2005,https://wwwn.cdc.gov/Nchs/Data/Nhanes/Public/2005/DataFiles/SMQRTU_D.htm
nhanes-questionnaire-smqrtu_f-2009,https://wwwn.cdc.gov/Nchs/Data/Nhanes/Public/2009/DataFiles/SMQRTU_F.htm
nhanes-questionnaire-smqrtu_g-2011,https://wwwn.cdc.gov/Nchs/Data/Nhanes/Public/2011/DataFiles/SMQRTU_G.htm
nhanes-questionnaire-smqrtu_h-2013,https://wwwn.cdc.gov/Nchs/Data/Nhanes/Public/2013/DataFiles/SMQRTU_H.htm
nhanes-questionnaire-smqrtu_i-2015,https://wwwn.cdc.gov/Nchs/Data/Nhanes/Public/2015/DataFiles/SMQRTU_I.htm
nhanes-questionnaire-smqrtu_j-2017,https://wwwn.cdc.gov/Nchs/Data/Nhanes/Public/2017/DataFiles/SMQRTU_J.htm
nhanes-questionnaire-p_smqrtu-2017,https://wwwn.cdc.gov/Nchs/Data/Nhanes/Public/2017/DataFiles/P_SMQRTU.htm
nhanes-questionnaire-smqrtu_l-2021,https://wwwn.cdc.gov/Nchs/Data/Nhanes/Public/2021/DataFiles/SMQRTU_L.htm
nhanes-questionnaire-smqshs_h-2013,https://wwwn.cdc.gov/Nchs/Data/Nhanes/Public/2013/DataFiles/SMQSHS_H.htm
nhanes-questionnaire-smqshs_i-2015,https://wwwn.cdc.gov/Nchs/Data/Nhanes/Public/2015/DataFiles/SMQSHS_I.htm
nhanes-questionnaire-smqshs_j-2017,https://wwwn.cdc.gov/Nchs/Data/Nhanes/Public/2017/DataFiles/SMQSHS_J.htm
nhanes-questionnaire-p_smqshs-2017,https://wwwn.cdc.gov/Nchs/Data/Nhanes/Public/2017/DataFiles/P_SMQSHS.htm
nhanes-questionnaire-ssq_e-2007,https://wwwn.cdc.gov/Nchs/Data/Nhanes/Public/2007/DataFiles/SSQ_E.htm
nhanes-questionnaire-ssq-1999,https://wwwn.cdc.gov/Nchs/Data/Nhanes/Public/1999/DataFiles/SSQ.htm
nhanes-questionnaire-ssq_d-2005,https://wwwn.cdc.gov/Nchs/Data/Nhanes/Public/2005/DataFiles/SSQ_D.htm
nhanes-questionnaire-ssq_c-2003,https://wwwn.cdc.gov/Nchs/Data/Nhanes/Public/2003/DataFiles/SSQ_C.htm
nhanes-questionnaire-ssq_b-2001,https://wwwn.cdc.gov/Nchs/Data/Nhanes/Public/2001/DataFiles/SSQ_B.htm
nhanes-questionnaire-csq_g-2011,https://wwwn.cdc.gov/Nchs/Data/Nhanes/Public/2011/DataFiles/CSQ_G.htm
nhanes-questionnaire-csq_h-2013,https://wwwn.cdc.gov/Nchs/Data/Nhanes/Public/2013/DataFiles/CSQ_H.htm
nhanes-questionnaire-tbq-1999,https://wwwn.cdc.gov/Nchs/Data/Nhanes/Public/1999/DataFiles/TBQ.htm
nhanes-questionnaire-tbq_g-2011,https://wwwn.cdc.gov/Nchs/Data/Nhanes/Public/2011/DataFiles/TBQ_G.htm
nhanes-questionnaire-viq_e-2007,https://wwwn.cdc.gov/Nchs/Data/Nhanes/Public/2007/DataFiles/VIQ_E.htm
nhanes-questionnaire-viq-1999,https://wwwn.cdc.gov/Nchs/Data/Nhanes/Public/1999/DataFiles/VIQ.htm
nhanes-questionnaire-viq_d-2005,https://wwwn.cdc.gov/Nchs/Data/Nhanes/Public/2005/DataFiles/VIQ_D.htm
nhanes-questionnaire-viq_c-2003,https://wwwn.cdc.gov/Nchs/Data/Nhanes/Public/2003/DataFiles/VIQ_C.htm
nhanes-questionnaire-viq_b-2001,https://wwwn.cdc.gov/Nchs/Data/Nhanes/Public/2001/DataFiles/VIQ_B.htm
nhanes-questionnaire-vtq_h-2013,https://wwwn.cdc.gov/Nchs/Data/Nhanes/Public/2013/DataFiles/VTQ_H.htm
nhanes-questionnaire-vtq_g-2011,https://wwwn.cdc.gov/Nchs/Data/Nhanes/Public/2011/DataFiles/VTQ_G.htm
nhanes-questionnaire-vtq_f-2009,https://wwwn.cdc.gov/Nchs/Data/Nhanes/Public/2009/DataFiles/VTQ_F.htm
nhanes-questionnaire-vtq_i-2015,https://wwwn.cdc.gov/Nchs/Data/Nhanes/Public/2015/DataFiles/VTQ_I.htm
nhanes-questionnaire-vtq_j-2017,https://wwwn.cdc.gov/Nchs/Data/Nhanes/Public/2017/DataFiles/VTQ_J.htm
nhanes-questionnaire-p_vtq-2017,https://wwwn.cdc.gov/Nchs/Data/Nhanes/Public/2017/DataFiles/P_VTQ.htm
nhanes-questionnaire-vtq_l-2021,https://wwwn.cdc.gov/Nchs/Data/Nhanes/Public/2021/DataFiles/VTQ_L.htm
nhanes-questionnaire-whq_e-2007,https://wwwn.cdc.gov/Nchs/Data/Nhanes/Public/2007/DataFiles/WHQ_E.htm
nhanes-questionnaire-whq-1999,https://wwwn.cdc.gov/Nchs/Data/Nhanes/Public/1999/DataFiles/WHQ.htm
nhanes-questionnaire-whq_b-2001,https://wwwn.cdc.gov/Nchs/Data/Nhanes/Public/2001/DataFiles/WHQ_B.htm
nhanes-questionnaire-whq_d-2005,https://wwwn.cdc.gov/Nchs/Data/Nhanes/Public/2005/DataFiles/WHQ_D.htm
nhanes-questionnaire-whq_c-2003,https://wwwn.cdc.gov/Nchs/Data/Nhanes/Public/2003/DataFiles/WHQ_C.htm
nhanes-questionnaire-whq_f-2009,https://wwwn.cdc.gov/Nchs/Data/Nhanes/Public/2009/DataFiles/WHQ_F.htm
nhanes-questionnaire-whq_g-2011,https://wwwn.cdc.gov/Nchs/Data/Nhanes/Public/2011/DataFiles/WHQ_G.htm
nhanes-questionnaire-whq_h-2013,https://wwwn.cdc.gov/Nchs/Data/Nhanes/Public/2013/DataFiles/WHQ_H.htm
nhanes-questionnaire-whq_i-2015,https://wwwn.cdc.gov/Nchs/Data/Nhanes/Public/2015/DataFiles/WHQ_I.htm
nhanes-questionnaire-whq_j-2017,https://wwwn.cdc.gov/Nchs/Data/Nhanes/Public/2017/DataFiles/WHQ_J.htm
nhanes-questionnaire-p_whq-2017,https://wwwn.cdc.gov/Nchs/Data/Nhanes/Public/2017/DataFiles/P_WHQ.htm
nhanes-questionnaire-whq_l-2021,https://wwwn.cdc.gov/Nchs/Data/Nhanes/Public/2021/DataFiles/WHQ_L.htm
nhanes-questionnaire-whqmec_e-2007,https://wwwn.cdc.gov/Nchs/Data/Nhanes/Public/2007/DataFiles/WHQMEC_E.htm
nhanes-questionnaire-whqmec_d-2005,https://wwwn.cdc.gov/Nchs/Data/Nhanes/Public/2005/DataFiles/WHQMEC_D.htm
nhanes-questionnaire-whqmec_f-2009,https://wwwn.cdc.gov/Nchs/Data/Nhanes/Public/2009/DataFiles/WHQMEC_F.htm
nhanes-questionnaire-whqmec_g-2011,https://wwwn.cdc.gov/Nchs/Data/Nhanes/Public/2011/DataFiles/WHQMEC_G.htm
nhanes-questionnaire-whqmec_h-2013,https://wwwn.cdc.gov/Nchs/Data/Nhanes/Public/2013/DataFiles/WHQMEC_H.htm
nhanes-questionnaire-whqmec_i-2015,https://wwwn.cdc.gov/Nchs/Data/Nhanes/Public/2015/DataFiles/WHQMEC_I.htm
nhanes-questionnaire-whqmec_j-2017,https://wwwn.cdc.gov/Nchs/Data/Nhanes/Public/2017/DataFiles/WHQMEC_J.htm
nhanes-questionnaire-p_whqmec-2017,https://wwwn.cdc.gov/Nchs/Data/Nhanes/Public/2017/DataFiles/P_WHQMEC.htm
